wavelength_nm,solver_mode_index,polarization,n_eff,TE_percent,TM_percent,A_eff_um2
930.0,0,TE-like,1.919426003335433,99.95596675095547,0.04403324904453143,0.5602665007706338
930.0,1,TM-like,1.9141426362359903,0.07326464148982836,99.92673535851017,0.5753155236912765
930.0,2,TM-like,1.7994727338221181,2.307843272919998,97.69215672708,0.6182399369698038
930.0,3,TE-like,1.7849248947273315,99.0577035665614,0.9422964334385995,0.7373392785632216
930.0,4,TE-like,1.754775801951885,98.79402117613193,1.2059788238680653,0.6368821464563232
930.0,5,TM-like,1.71776621431401,1.5801935726912641,98.41980642730874,0.8439847299599508
930.0,6,TE-like,1.6215017952452808,64.49893213068735,35.50106786931265,1.0037762698352357
930.0,7,TM-like,1.603822956368909,18.912561297425,81.087438702575,1.064988787365083
930.0,8,TM-like,1.5947154680571585,28.062353423297104,71.93764657670289,1.0359316097788125
930.0,9,TE-like,1.5622162451698718,80.45580872860877,19.544191271391227,1.1217581162523405
1550.0,0,TE-like,1.774385970920141,99.71944821072063,0.28055178927937163,0.8935706384703628
1550.0,1,TM-like,1.7597947155592235,0.4175944185530387,99.58240558144696,0.971672502738756
1550.0,2,TM-like,1.521046251655965,10.732113066553156,89.26788693344685,1.590587604359205
1550.0,3,TE-like,1.5069768579349758,85.20911104699371,14.790888953006288,2.1689231937062567
1550.0,4,TE-like,1.459695873629184,92.36002626279067,7.639973737209331,2.9780212819914964
