  Frequency            , NTOT(ONOISE)         
  1.000000000000e-02  ,2.480813053647e-05  
  1.023292992281e-02  ,2.424345533617e-05  
  1.047128548051e-02  ,2.369163371268e-05  
  1.071519305238e-02  ,2.315237308288e-05  
  1.096478196143e-02  ,2.262538752364e-05  
  1.122018454302e-02  ,2.211039762024e-05  
  1.148153621497e-02  ,2.160713031823e-05  
  1.174897554940e-02  ,2.111531877861e-05  
  1.202264434617e-02  ,2.063470223640e-05  
  1.230268770812e-02  ,2.016502586235e-05  
  1.258925411794e-02  ,1.970604062782e-05  
  1.288249551693e-02  ,1.925750317276e-05  
  1.318256738556e-02  ,1.881917567669e-05  
  1.348962882592e-02  ,1.839082573256e-05  
  1.380384264603e-02  ,1.797222622357e-05  
  1.412537544623e-02  ,1.756315520270e-05  
  1.445439770746e-02  ,1.716339577509e-05  
  1.479108388168e-02  ,1.677273598301e-05  
  1.513561248436e-02  ,1.639096869345e-05  
  1.548816618912e-02  ,1.601789148835e-05  
  1.584893192461e-02  ,1.565330655724e-05  
  1.621810097359e-02  ,1.529702059236e-05  
  1.659586907438e-02  ,1.494884468617e-05  
  1.698243652462e-02  ,1.460859423120e-05  
  1.737800828749e-02  ,1.427608882216e-05  
  1.778279410039e-02  ,1.395115216027e-05  
  1.819700858610e-02  ,1.363361195982e-05  
  1.862087136663e-02  ,1.332329985680e-05  
  1.905460717963e-02  ,1.302005131960e-05  
  1.949844599758e-02  ,1.272370556186e-05  
  1.995262314969e-02  ,1.243410545712e-05  
  2.041737944670e-02  ,1.215109745557e-05  
  2.089296130854e-02  ,1.187453150263e-05  
  2.137962089502e-02  ,1.160426095936e-05  
  2.187761623950e-02  ,1.134014252476e-05  
  2.238721138568e-02  ,1.108203615972e-05  
  2.290867652768e-02  ,1.082980501284e-05  
  2.344228815320e-02  ,1.058331534782e-05  
  2.398832919019e-02  ,1.034243647259e-05  
  2.454708915685e-02  ,1.010704066996e-05  
  2.511886431510e-02  ,9.877003129980e-06  
  2.570395782769e-02  ,9.652201883692e-06  
  2.630267991895e-02  ,9.432517738502e-06  
  2.691534803927e-02  ,9.217834214968e-06  
  2.754228703338e-02  ,9.008037485043e-06  
  2.818382931264e-02  ,8.803016311726e-06  
  2.884031503127e-02  ,8.602661990075e-06  
  2.951209226666e-02  ,8.406868289577e-06  
  3.019951720402e-02  ,8.215531397822e-06  
  3.090295432514e-02  ,8.028549865455e-06  
  3.162277660168e-02  ,7.845824552395e-06  
  3.235936569296e-02  ,7.667258575260e-06  
  3.311311214826e-02  ,7.492757256007e-06  
  3.388441561392e-02  ,7.322228071727e-06  
  3.467368504525e-02  ,7.155580605587e-06  
  3.548133892336e-02  ,6.992726498897e-06  
  3.630780547701e-02  ,6.833579404253e-06  
  3.715352290972e-02  ,6.678054939758e-06  
  3.801893963206e-02  ,6.526070644284e-06  
  3.890451449943e-02  ,6.377545933745e-06  
  3.981071705535e-02  ,6.232402058374e-06  
  4.073802778041e-02  ,6.090562060966e-06  
  4.168693834703e-02  ,5.951950736077e-06  
  4.265795188016e-02  ,5.816494590149e-06  
  4.365158322402e-02  ,5.684121802540e-06  
  4.466835921510e-02  ,5.554762187445e-06  
  4.570881896149e-02  ,5.428347156685e-06  
  4.677351412872e-02  ,5.304809683337e-06  
  4.786300923226e-02  ,5.184084266196e-06  
  4.897788193684e-02  ,5.066106895050e-06  
  5.011872336273e-02  ,4.950815016734e-06  
  5.128613839914e-02  ,4.838147501969e-06  
  5.248074602498e-02  ,4.728044612946e-06  
  5.370317963703e-02  ,4.620447971657e-06  
  5.495408738576e-02  ,4.515300528938e-06  
  5.623413251903e-02  ,4.412546534222e-06  
  5.754399373372e-02  ,4.312131505984e-06  
  5.888436553556e-02  ,4.214002202844e-06  
  6.025595860744e-02  ,4.118106595347e-06  
  6.165950018615e-02  ,4.024393838374e-06  
  6.309573444802e-02  ,3.932814244179e-06  
  6.456542290347e-02  ,3.843319256051e-06  
  6.606934480076e-02  ,3.755861422561e-06  
  6.760829753920e-02  ,3.670394372408e-06  
  6.918309709189e-02  ,3.586872789832e-06  
  7.079457843841e-02  ,3.505252390584e-06  
  7.244359600750e-02  ,3.425489898448e-06  
  7.413102413009e-02  ,3.347543022293e-06  
  7.585775750292e-02  ,3.271370433656e-06  
  7.762471166287e-02  ,3.196931744822e-06  
  7.943282347243e-02  ,3.124187487411e-06  
  8.128305161641e-02  ,3.053099091457e-06  
  8.317637711027e-02  ,2.983628864950e-06  
  8.511380382024e-02  ,2.915739973857e-06  
  8.709635899561e-02  ,2.849396422589e-06  
  8.912509381337e-02  ,2.784563034917e-06  
  9.120108393559e-02  ,2.721205435321e-06  
  9.332543007970e-02  ,2.659290030763e-06  
  9.549925860214e-02  ,2.598783992875e-06  
  9.772372209558e-02  ,2.539655240557e-06  
  1.000000000000e-01  ,2.481872422960e-06  
  1.023292992281e-01  ,2.425404902870e-06  
  1.047128548051e-01  ,2.370222740460e-06  
  1.071519305238e-01  ,2.316296677417e-06  
  1.096478196143e-01  ,2.263598121429e-06  
  1.122018454302e-01  ,2.212099131024e-06  
  1.148153621497e-01  ,2.161772400755e-06  
  1.174897554940e-01  ,2.112591246725e-06  
  1.202264434617e-01  ,2.064529592434e-06  
  1.230268770812e-01  ,2.017561954956e-06  
  1.258925411794e-01  ,1.971663431429e-06  
  1.288249551693e-01  ,1.926809685849e-06  
  1.318256738556e-01  ,1.882976936165e-06  
  1.348962882592e-01  ,1.840141941673e-06  
  1.380384264603e-01  ,1.798281990692e-06  
  1.412537544623e-01  ,1.757374888523e-06  
  1.445439770746e-01  ,1.717398945678e-06  
  1.479108388168e-01  ,1.678332966383e-06  
  1.513561248436e-01  ,1.640156237339e-06  
  1.548816618912e-01  ,1.602848516738e-06  
  1.584893192461e-01  ,1.566390023534e-06  
  1.621810097359e-01  ,1.530761426951e-06  
  1.659586907438e-01  ,1.495943836235e-06  
  1.698243652462e-01  ,1.461918790639e-06  
  1.737800828749e-01  ,1.428668249633e-06  
  1.778279410039e-01  ,1.396174583341e-06  
  1.819700858610e-01  ,1.364420563189e-06  
  1.862087136663e-01  ,1.333389352778e-06  
  1.905460717963e-01  ,1.303064498947e-06  
  1.949844599758e-01  ,1.273429923058e-06  
  1.995262314969e-01  ,1.244469912467e-06  
  2.041737944670e-01  ,1.216169112193e-06  
  2.089296130854e-01  ,1.188512516777e-06  
  2.137962089502e-01  ,1.161485462325e-06  
  2.187761623950e-01  ,1.135073618737e-06  
  2.238721138568e-01  ,1.109262982102e-06  
  2.290867652768e-01  ,1.084039867280e-06  
  2.344228815320e-01  ,1.059390900641e-06  
  2.398832919019e-01  ,1.035303012977e-06  
  2.454708915685e-01  ,1.011763432572e-06  
  2.511886431510e-01  ,9.887596784265e-07  
  2.570395782769e-01  ,9.662795536474e-07  
  2.630267991895e-01  ,9.443111389746e-07  
  2.691534803927e-01  ,9.228427864638e-07  
  2.754228703338e-01  ,9.018631133103e-07  
  2.818382931264e-01  ,8.813609958137e-07  
  2.884031503127e-01  ,8.613255634799e-07  
  2.951209226666e-01  ,8.417461932576e-07  
  3.019951720402e-01  ,8.226125039055e-07  
  3.090295432514e-01  ,8.039143504881e-07  
  3.162277660168e-01  ,7.856418189971e-07  
  3.235936569296e-01  ,7.677852210945e-07  
  3.311311214826e-01  ,7.503350889755e-07  
  3.388441561392e-01  ,7.332821703493e-07  
  3.467368504525e-01  ,7.166174235326e-07  
  3.548133892336e-01  ,7.003320126561e-07  
  3.630780547701e-01  ,6.844173029794e-07  
  3.715352290972e-01  ,6.688648563127e-07  
  3.801893963206e-01  ,6.536664265430e-07  
  3.890451449943e-01  ,6.388139552616e-07  
  3.981071705535e-01  ,6.242995674917e-07  
  4.073802778041e-01  ,6.101155675127e-07  
  4.168693834703e-01  ,5.962544347801e-07  
  4.265795188016e-01  ,5.827088199379e-07  
  4.365158322402e-01  ,5.694715409217e-07  
  4.466835921510e-01  ,5.565355791511e-07  
  4.570881896149e-01  ,5.438940758078e-07  
  4.677351412872e-01  ,5.315403281995e-07  
  4.786300923226e-01  ,5.194677862056e-07  
  4.897788193684e-01  ,5.076700488047e-07  
  5.011872336273e-01  ,4.961408606801e-07  
  5.128613839914e-01  ,4.848741089037e-07  
  5.248074602498e-01  ,4.738638196945e-07  
  5.370317963703e-01  ,4.631041552516e-07  
  5.495408738576e-01  ,4.525894106584e-07  
  5.623413251903e-01  ,4.423140108582e-07  
  5.754399373372e-01  ,4.322725076979e-07  
  5.888436553556e-01  ,4.224595770396e-07  
  6.025595860744e-01  ,4.128700159377e-07  
  6.165950018615e-01  ,4.034987398799e-07  
  6.309573444802e-01  ,3.943407800916e-07  
  6.456542290347e-01  ,3.853912809014e-07  
  6.606934480076e-01  ,3.766454971661e-07  
  6.760829753920e-01  ,3.680987917557e-07  
  6.918309709189e-01  ,3.597466330937e-07  
  7.079457843841e-01  ,3.515845927550e-07  
  7.244359600750e-01  ,3.436083431179e-07  
  7.413102413009e-01  ,3.358136550692e-07  
  7.585775750292e-01  ,3.281963957621e-07  
  7.762471166287e-01  ,3.207525264249e-07  
  7.943282347243e-01  ,3.134781002195e-07  
  8.128305161641e-01  ,3.063692601490e-07  
  8.317637711027e-01  ,2.994222370121e-07  
  8.511380382024e-01  ,2.926333474053e-07  
  8.709635899561e-01  ,2.859989917695e-07  
  8.912509381337e-01  ,2.795156524814e-07  
  9.120108393559e-01  ,2.731798919888e-07  
  9.332543007970e-01  ,2.669883509876e-07  
  9.549925860214e-01  ,2.609377466408e-07  
  9.772372209558e-01  ,2.550248708378e-07  
  1.000000000000e+00  ,2.492465884937e-07  
  1.023292992281e+00  ,2.435998358867e-07  
  1.047128548051e+00  ,2.380816190338e-07  
  1.071519305238e+00  ,2.326890121033e-07  
  1.096478196143e+00  ,2.274191558638e-07  
  1.122018454302e+00  ,2.222692561677e-07  
  1.148153621497e+00  ,2.172365824700e-07  
  1.174897554940e+00  ,2.123184663804e-07  
  1.202264434617e+00  ,2.075123002488e-07  
  1.230268770812e+00  ,2.028155357823e-07  
  1.258925411794e+00  ,1.982256826941e-07  
  1.288249551693e+00  ,1.937403073834e-07  
  1.318256738556e+00  ,1.893570316448e-07  
  1.348962882592e+00  ,1.850735314076e-07  
  1.380384264603e+00  ,1.808875355031e-07  
  1.412537544623e+00  ,1.767968244610e-07  
  1.445439770746e+00  ,1.727992293321e-07  
  1.479108388168e+00  ,1.688926305386e-07  
  1.513561248436e+00  ,1.650749567501e-07  
  1.548816618912e+00  ,1.613441837854e-07  
  1.584893192461e+00  ,1.576983335393e-07  
  1.621810097359e+00  ,1.541354729338e-07  
  1.659586907438e+00  ,1.506537128929e-07  
  1.698243652462e+00  ,1.472512073415e-07  
  1.737800828749e+00  ,1.439261522260e-07  
  1.778279410039e+00  ,1.406767845583e-07  
  1.819700858610e+00  ,1.375013814805e-07  
  1.862087136663e+00  ,1.343982593520e-07  
  1.905460717963e+00  ,1.313657728563e-07  
  1.949844599758e+00  ,1.284023141290e-07  
  1.995262314969e+00  ,1.255063119049e-07  
  2.041737944670e+00  ,1.226762306855e-07  
  2.089296130854e+00  ,1.199105699241e-07  
  2.137962089502e+00  ,1.172078632309e-07  
  2.187761623950e+00  ,1.145666775949e-07  
  2.238721138568e+00  ,1.119856126246e-07  
  2.290867652768e+00  ,1.094632998052e-07  
  2.344228815320e+00  ,1.069984017731e-07  
  2.398832919019e+00  ,1.045896116066e-07  
  2.454708915685e+00  ,1.022356521334e-07  
  2.511886431510e+00  ,9.993527525299e-08  
  2.570395782769e+00  ,9.768726127512e-08  
  2.630267991895e+00  ,9.549041827301e-08  
  2.691534803927e+00  ,9.334358145145e-08  
  2.754228703338e+00  ,9.124561252912e-08  
  2.818382931264e+00  ,8.919539913516e-08  
  2.884031503127e+00  ,8.719185421928e-08  
  2.951209226666e+00  ,8.523391547545e-08  
  3.019951720402e+00  ,8.332054477866e-08  
  3.090295432514e+00  ,8.145072763442e-08  
  3.162277660168e+00  ,7.962347264096e-08  
  3.235936569296e+00  ,7.783781096350e-08  
  3.311311214826e+00  ,7.609279582059e-08  
  3.388441561392e+00  ,7.438750198210e-08  
  3.467368504525e+00  ,7.272102527870e-08  
  3.548133892336e+00  ,7.109248212237e-08  
  3.630780547701e+00  ,6.950100903799e-08  
  3.715352290972e+00  ,6.794576220548e-08  
  3.801893963206e+00  ,6.642591701240e-08  
  3.890451449943e+00  ,6.494066761671e-08  
  3.981071705535e+00  ,6.348922651954e-08  
  4.073802778041e+00  ,6.207082414763e-08  
  4.168693834703e+00  ,6.068470844527e-08  
  4.265795188016e+00  ,5.933014447558e-08  
  4.365158322402e+00  ,5.800641403084e-08  
  4.466835921510e+00  ,5.671281525166e-08  
  4.570881896149e+00  ,5.544866225485e-08  
  4.677351412872e+00  ,5.421328476979e-08  
  4.786300923226e+00  ,5.300602778300e-08  
  4.897788193684e+00  ,5.182625119087e-08  
  5.011872336273e+00  ,5.067332946024e-08  
  5.128613839914e+00  ,4.954665129678e-08  
  5.248074602498e+00  ,4.844561932084e-08  
  5.370317963702e+00  ,4.736964975070e-08  
  5.495408738576e+00  ,4.631817209310e-08  
  5.623413251903e+00  ,4.529062884067e-08  
  5.754399373372e+00  ,4.428647517642e-08  
  5.888436553556e+00  ,4.330517868481e-08  
  6.025595860744e+00  ,4.234621906948e-08  
  6.165950018615e+00  ,4.140908787737e-08  
  6.309573444802e+00  ,4.049328822917e-08  
  6.456542290346e+00  ,3.959833455580e-08  
  6.606934480076e+00  ,3.872375234102e-08  
  6.760829753920e+00  ,3.786907786980e-08  
  6.918309709189e+00  ,3.703385798246e-08  
  7.079457843841e+00  ,3.621764983441e-08  
  7.244359600750e+00  ,3.542002066131e-08  
  7.413102413009e+00  ,3.464054754967e-08  
  7.585775750292e+00  ,3.387881721258e-08  
  7.762471166287e+00  ,3.313442577058e-08  
  7.943282347243e+00  ,3.240697853752e-08  
  8.128305161641e+00  ,3.169608981131e-08  
  8.317637711027e+00  ,3.100138266938e-08  
  8.511380382024e+00  ,3.032248876888e-08  
  8.709635899561e+00  ,2.965904815134e-08  
  8.912509381337e+00  ,2.901070905182e-08  
  9.120108393559e+00  ,2.837712771242e-08  
  9.332543007970e+00  ,2.775796820000e-08  
  9.549925860214e+00  ,2.715290222806e-08  
  9.772372209558e+00  ,2.656160898270e-08  
  1.000000000000e+01  ,2.598377495248e-08  
  1.023292992281e+01  ,2.541909376225e-08  
  1.047128548051e+01  ,2.486726601066e-08  
  1.071519305238e+01  ,2.432799911141e-08  
  1.096478196143e+01  ,2.380100713816e-08  
  1.122018454302e+01  ,2.328601067289e-08  
  1.148153621497e+01  ,2.278273665777e-08  
  1.174897554940e+01  ,2.229091825036e-08  
  1.202264434617e+01  ,2.181029468216e-08  
  1.230268770812e+01  ,2.134061112031e-08  
  1.258925411794e+01  ,2.088161853250e-08  
  1.288249551693e+01  ,2.043307355492e-08  
  1.318256738556e+01  ,1.999473836322e-08  
  1.348962882592e+01  ,1.956638054644e-08  
  1.380384264603e+01  ,1.914777298375e-08  
  1.412537544623e+01  ,1.873869372404e-08  
  1.445439770746e+01  ,1.833892586824e-08  
  1.479108388168e+01  ,1.794825745432e-08  
  1.513561248436e+01  ,1.756648134492e-08  
  1.548816618912e+01  ,1.719339511747e-08  
  1.584893192461e+01  ,1.682880095693e-08  
  1.621810097359e+01  ,1.647250555086e-08  
  1.659586907438e+01  ,1.612431998696e-08  
  1.698243652462e+01  ,1.578405965286e-08  
  1.737800828749e+01  ,1.545154413827e-08  
  1.778279410039e+01  ,1.512659713934e-08  
  1.819700858610e+01  ,1.480904636513e-08  
  1.862087136663e+01  ,1.449872344630e-08  
  1.905460717963e+01  ,1.419546384584e-08  
  1.949844599758e+01  ,1.389910677180e-08  
  1.995262314969e+01  ,1.360949509207e-08  
  2.041737944670e+01  ,1.332647525104e-08  
  2.089296130854e+01  ,1.304989718821e-08  
  2.137962089502e+01  ,1.277961425861e-08  
  2.187761623950e+01  ,1.251548315504e-08  
  2.238721138568e+01  ,1.225736383212e-08  
  2.290867652768e+01  ,1.200511943198e-08  
  2.344228815320e+01  ,1.175861621177e-08  
  2.398832919019e+01  ,1.151772347269e-08  
  2.454708915685e+01  ,1.128231349072e-08  
  2.511886431510e+01  ,1.105226144889e-08  
  2.570395782769e+01  ,1.082744537111e-08  
  2.630267991895e+01  ,1.060774605750e-08  
  2.691534803927e+01  ,1.039304702117e-08  
  2.754228703338e+01  ,1.018323442648e-08  
  2.818382931264e+01  ,9.978197028666e-09  
  2.884031503127e+01  ,9.777826114881e-09  
  2.951209226666e+01  ,9.582015446536e-09  
  3.019951720402e+01  ,9.390661202978e-09  
  3.090295432514e+01  ,9.203661926449e-09  
  3.162277660168e+01  ,9.020918468286e-09  
  3.235936569296e+01  ,8.842333936361e-09  
  3.311311214826e+01  ,8.667813643701e-09  
  3.388441561392e+01  ,8.497265058293e-09  
  3.467368504525e+01  ,8.330597754019e-09  
  3.548133892336e+01  ,8.167723362718e-09  
  3.630780547701e+01  ,8.008555527329e-09  
  3.715352290972e+01  ,7.853009856110e-09  
  3.801893963206e+01  ,7.701003877892e-09  
  3.890451449943e+01  ,7.552456998358e-09  
  3.981071705535e+01  ,7.407290457308e-09  
  4.073802778041e+01  ,7.265427286907e-09  
  4.168693834703e+01  ,7.126792270878e-09  
  4.265795188016e+01  ,6.991311904622e-09  
  4.365158322402e+01  ,6.858914356249e-09  
  4.466835921510e+01  ,6.729529428499e-09  
  4.570881896149e+01  ,6.603088521520e-09  
  4.677351412872e+01  ,6.479524596504e-09  
  4.786300923226e+01  ,6.358772140144e-09  
  4.897788193684e+01  ,6.240767129903e-09  
  5.011872336273e+01  ,6.125447000072e-09  
  5.128613839914e+01  ,6.012750608603e-09  
  5.248074602498e+01  ,5.902618204692e-09  
  5.370317963702e+01  ,5.794991397109e-09  
  5.495408738576e+01  ,5.689813123239e-09  
  5.623413251903e+01  ,5.587027618832e-09  
  5.754399373372e+01  ,5.486580388446e-09  
  5.888436553556e+01  ,5.388418176554e-09  
  6.025595860744e+01  ,5.292488939316e-09  
  6.165950018615e+01  ,5.198741816994e-09  
  6.309573444802e+01  ,5.107127106987e-09  
  6.456542290346e+01  ,5.017596237488e-09  
  6.606934480076e+01  ,4.930101741739e-09  
  6.760829753920e+01  ,4.844597232871e-09  
  6.918309709189e+01  ,4.761037379319e-09  
  7.079457843841e+01  ,4.679377880790e-09  
  7.244359600750e+01  ,4.599575444790e-09  
  7.413102413009e+01  ,4.521587763677e-09  
  7.585775750292e+01  ,4.445373492237e-09  
  7.762471166287e+01  ,4.370892225778e-09  
  7.943282347243e+01  ,4.298104478710e-09  
  8.128305161641e+01  ,4.226971663630e-09  
  8.317637711027e+01  ,4.157456070868e-09  
  8.511380382024e+01  ,4.089520848508e-09  
  8.709635899561e+01  ,4.023129982862e-09  
  8.912509381337e+01  ,3.958248279388e-09  
  9.120108393559e+01  ,3.894841344045e-09  
  9.332543007970e+01  ,3.832875565072e-09  
  9.549925860214e+01  ,3.772318095181e-09  
  9.772372209558e+01  ,3.713136834161e-09  
  1.000000000000e+02  ,3.655300411872e-09  
  1.023292992281e+02  ,3.598778171630e-09  
  1.047128548051e+02  ,3.543540153977e-09  
  1.071519305238e+02  ,3.489557080807e-09  
  1.096478196143e+02  ,3.436800339873e-09  
  1.122018454302e+02  ,3.385241969630e-09  
  1.148153621497e+02  ,3.334854644437e-09  
  1.174897554940e+02  ,3.285611660091e-09  
  1.202264434617e+02  ,3.237486919689e-09  
  1.230268770812e+02  ,3.190454919825e-09  
  1.258925411794e+02  ,3.144490737085e-09  
  1.288249551693e+02  ,3.099570014869e-09  
  1.318256738556e+02  ,3.055668950499e-09  
  1.348962882592e+02  ,3.012764282633e-09  
  1.380384264603e+02  ,2.970833278962e-09  
  1.412537544623e+02  ,2.929853724190e-09  
  1.445439770746e+02  ,2.889803908289e-09  
  1.479108388168e+02  ,2.850662615023e-09  
  1.513561248436e+02  ,2.812409110738e-09  
  1.548816618912e+02  ,2.775023133406e-09  
  1.584893192461e+02  ,2.738484881922e-09  
  1.621810097359e+02  ,2.702775005645e-09  
  1.659586907438e+02  ,2.667874594184e-09  
  1.698243652462e+02  ,2.633765167412e-09  
  1.737800828749e+02  ,2.600428665718e-09  
  1.778279410039e+02  ,2.567847440475e-09  
  1.819700858610e+02  ,2.536004244734e-09  
  1.862087136663e+02  ,2.504882224130e-09  
  1.905460717963e+02  ,2.474464907998e-09  
  1.949844599758e+02  ,2.444736200692e-09  
  1.995262314969e+02  ,2.415680373107e-09  
  2.041737944670e+02  ,2.387282054400e-09  
  2.089296130854e+02  ,2.359526223891e-09  
  2.137962089502e+02  ,2.332398203166e-09  
  2.187761623950e+02  ,2.305883648349e-09  
  2.238721138568e+02  ,2.279968542563e-09  
  2.290867652768e+02  ,2.254639188561e-09  
  2.344228815320e+02  ,2.229882201524e-09  
  2.398832919019e+02  ,2.205684502034e-09  
  2.454708915685e+02  ,2.182033309201e-09  
  2.511886431510e+02  ,2.158916133953e-09  
  2.570395782769e+02  ,2.136320772482e-09  
  2.630267991895e+02  ,2.114235299835e-09  
  2.691534803927e+02  ,2.092648063660e-09  
  2.754228703338e+02  ,2.071547678091e-09  
  2.818382931264e+02  ,2.050923017772e-09  
  2.884031503127e+02  ,2.030763212019e-09  
  2.951209226666e+02  ,2.011057639115e-09  
  3.019951720402e+02  ,1.991795920736e-09  
  3.090295432514e+02  ,1.972967916492e-09  
  3.162277660168e+02  ,1.954563718606e-09  
  3.235936569296e+02  ,1.936573646692e-09  
  3.311311214826e+02  ,1.918988242664e-09  
  3.388441561392e+02  ,1.901798265743e-09  
  3.467368504525e+02  ,1.884994687578e-09  
  3.548133892336e+02  ,1.868568687462e-09  
  3.630780547701e+02  ,1.852511647653e-09  
  3.715352290972e+02  ,1.836815148785e-09  
  3.801893963206e+02  ,1.821470965372e-09  
  3.890451449943e+02  ,1.806471061390e-09  
  3.981071705535e+02  ,1.791807585950e-09  
  4.073802778041e+02  ,1.777472869039e-09  
  4.168693834703e+02  ,1.763459417336e-09  
  4.265795188016e+02  ,1.749759910088e-09  
  4.365158322402e+02  ,1.736367195058e-09  
  4.466835921510e+02  ,1.723274284513e-09  
  4.570881896149e+02  ,1.710474351270e-09  
  4.677351412872e+02  ,1.697960724782e-09  
  4.786300923226e+02  ,1.685726887261e-09  
  4.897788193684e+02  ,1.673766469825e-09  
  5.011872336273e+02  ,1.662073248669e-09  
  5.128613839914e+02  ,1.650641141251e-09  
  5.248074602498e+02  ,1.639464202483e-09  
  5.370317963702e+02  ,1.628536620909e-09  
  5.495408738576e+02  ,1.617852714886e-09  
  5.623413251903e+02  ,1.607406928727e-09  
  5.754399373371e+02  ,1.597193828819e-09  
  5.888436553556e+02  ,1.587208099694e-09  
  6.025595860743e+02  ,1.577444540042e-09  
  6.165950018615e+02  ,1.567898058661e-09  
  6.309573444802e+02  ,1.558563670320e-09  
  6.456542290346e+02  ,1.549436491528e-09  
  6.606934480076e+02  ,1.540511736200e-09  
  6.760829753920e+02  ,1.531784711185e-09  
  6.918309709189e+02  ,1.523250811672e-09  
  7.079457843841e+02  ,1.514905516424e-09  
  7.244359600750e+02  ,1.506744382847e-09  
  7.413102413009e+02  ,1.498763041867e-09  
  7.585775750292e+02  ,1.490957192598e-09  
  7.762471166287e+02  ,1.483322596779e-09  
  7.943282347243e+02  ,1.475855072969e-09  
  8.128305161641e+02  ,1.468550490475e-09  
  8.317637711027e+02  ,1.461404762995e-09  
  8.511380382024e+02  ,1.454413841950e-09  
  8.709635899561e+02  ,1.447573709504e-09  
  8.912509381337e+02  ,1.440880371227e-09  
  9.120108393559e+02  ,1.434329848407e-09  
  9.332543007970e+02  ,1.427918169980e-09  
  9.549925860214e+02  ,1.421641364055e-09  
  9.772372209558e+02  ,1.415495449047e-09  
  1.000000000000e+03  ,1.409476424365e-09  
  1.023292992281e+03  ,1.403580260685e-09  
  1.047128548051e+03  ,1.397802889766e-09  
  1.071519305238e+03  ,1.392140193825e-09  
  1.096478196143e+03  ,1.386587994463e-09  
  1.122018454302e+03  ,1.381142041149e-09  
  1.148153621497e+03  ,1.375797999259e-09  
  1.174897554940e+03  ,1.370551437702e-09  
  1.202264434617e+03  ,1.365397816136e-09  
  1.230268770812e+03  ,1.360332471811e-09  
  1.258925411794e+03  ,1.355350606072e-09  
  1.288249551693e+03  ,1.350447270564e-09  
  1.318256738556e+03  ,1.345617353186e-09  
  1.348962882592e+03  ,1.340855563865e-09  
  1.380384264603e+03  ,1.336156420219e-09  
  1.412537544623e+03  ,1.331514233180e-09  
  1.445439770746e+03  ,1.326923092687e-09  
  1.479108388168e+03  ,1.322376853549e-09  
  1.513561248436e+03  ,1.317869121583e-09  
  1.548816618912e+03  ,1.313393240176e-09  
  1.584893192461e+03  ,1.308942277398e-09  
  1.621810097359e+03  ,1.304509013819e-09  
  1.659586907438e+03  ,1.300085931202e-09  
  1.698243652462e+03  ,1.295665202237e-09  
  1.737800828749e+03  ,1.291238681510e-09  
  1.778279410039e+03  ,1.286797897886e-09  
  1.819700858610e+03  ,1.282334048524e-09  
  1.862087136663e+03  ,1.277837994710e-09  
  1.905460717963e+03  ,1.273300259739e-09  
  1.949844599758e+03  ,1.268711029032e-09  
  1.995262314969e+03  ,1.264060152721e-09  
  2.041737944669e+03  ,1.259337150898e-09  
  2.089296130854e+03  ,1.254531221725e-09  
  2.137962089502e+03  ,1.249631252608e-09  
  2.187761623950e+03  ,1.244625834603e-09  
  2.238721138568e+03  ,1.239503280220e-09  
  2.290867652768e+03  ,1.234251644782e-09  
  2.344228815320e+03  ,1.228858751437e-09  
  2.398832919019e+03  ,1.223312219950e-09  
  2.454708915685e+03  ,1.217599499322e-09  
  2.511886431510e+03  ,1.211707904291e-09  
  2.570395782769e+03  ,1.205624655704e-09  
  2.630267991895e+03  ,1.199336924747e-09  
  2.691534803927e+03  ,1.192831880953e-09  
  2.754228703338e+03  ,1.186096743883e-09  
  2.818382931264e+03  ,1.179118838329e-09  
  2.884031503127e+03  ,1.171885652848e-09  
  2.951209226666e+03  ,1.164384901399e-09  
  3.019951720402e+03  ,1.156604587796e-09  
  3.090295432514e+03  ,1.148533072664e-09  
  3.162277660168e+03  ,1.140159142538e-09  
  3.235936569296e+03  ,1.131472080710e-09  
  3.311311214826e+03  ,1.122461739365e-09  
  3.388441561392e+03  ,1.113118612561e-09  
  3.467368504525e+03  ,1.103433909513e-09  
  3.548133892336e+03  ,1.093399627667e-09  
  3.630780547701e+03  ,1.083008624977e-09  
  3.715352290972e+03  ,1.072254690799e-09  
  3.801893963206e+03  ,1.061132614796e-09  
  3.890451449943e+03  ,1.049638253216e-09  
  3.981071705535e+03  ,1.037768591913e-09  
  4.073802778041e+03  ,1.025521805466e-09  
  4.168693834703e+03  ,1.012897311751e-09  
  4.265795188016e+03  ,9.998958213348e-10  
  4.365158322402e+03  ,9.865193810677e-10  
  4.466835921510e+03  ,9.727714112763e-10  
  4.570881896149e+03  ,9.586567359815e-10  
  4.677351412872e+03  ,9.441816056071e-10  
  4.786300923226e+03  ,9.293537116881e-10  
  4.897788193684e+03  ,9.141821931360e-10  
  5.011872336273e+03  ,8.986776336813e-10  
  5.128613839914e+03  ,8.828520501823e-10  
  5.248074602498e+03  ,8.667188715598e-10  
  5.370317963702e+03  ,8.502929082050e-10  
  5.495408738576e+03  ,8.335903117939e-10  
  5.623413251903e+03  ,8.166285255343e-10  
  5.754399373371e+03  ,7.994262249740e-10  
  5.888436553556e+03  ,7.820032495955e-10  
  6.025595860743e+03  ,7.643805255297e-10  
  6.165950018615e+03  ,7.465799798219e-10  
  6.309573444802e+03  ,7.286244467858e-10  
  6.456542290346e+03  ,7.105375670793e-10  
  6.606934480076e+03  ,6.923436802291e-10  
  6.760829753920e+03  ,6.740677114158e-10  
  6.918309709189e+03  ,6.557350534101e-10  
  7.079457843841e+03  ,6.373714446171e-10  
  7.244359600750e+03  ,6.190028442393e-10  
  7.413102413009e+03  ,6.006553056132e-10  
  7.585775750292e+03  ,5.823548488020e-10  
  7.762471166287e+03  ,5.641273335402e-10  
  7.943282347243e+03  ,5.459983336242e-10  
  8.128305161641e+03  ,5.279930138289e-10  
  8.317637711027e+03  ,5.101360103973e-10  
  8.511380382024e+03  ,4.924513161048e-10  
  8.709635899561e+03  ,4.749621708439e-10  
  8.912509381337e+03  ,4.576909586023e-10  
  9.120108393559e+03  ,4.406591116261e-10  
  9.332543007970e+03  ,4.238870224720e-10  
  9.549925860214e+03  ,4.073939645509e-10  
  9.772372209558e+03  ,3.911980216639e-10  
  1.000000000000e+04  ,3.753160269242e-10  
  1.023292992281e+04  ,3.597635113484e-10  
  1.047128548051e+04  ,3.445546622905e-10  
  1.071519305238e+04  ,3.297022917848e-10  
  1.096478196143e+04  ,3.152178147583e-10  
  1.122018454302e+04  ,3.011112369723e-10  
  1.148153621497e+04  ,2.873911524585e-10  
  1.174897554940e+04  ,2.740647501275e-10  
  1.202264434617e+04  ,2.611378291457e-10  
  1.230268770812e+04  ,2.486148226077e-10  
  1.258925411794e+04  ,2.364988289665e-10  
  1.288249551693e+04  ,2.247916506322e-10  
  1.318256738556e+04  ,2.134938391052e-10  
  1.348962882592e+04  ,2.026047459775e-10  
  1.380384264603e+04  ,1.921225791096e-10  
  1.412537544623e+04  ,1.820444632770e-10  
  1.445439770746e+04  ,1.723665045719e-10  
  1.479108388168e+04  ,1.630838578512e-10  
  1.513561248436e+04  ,1.541907965269e-10  
  1.548816618912e+04  ,1.456807840181e-10  
  1.584893192461e+04  ,1.375465462030e-10  
  1.621810097359e+04  ,1.297801442409e-10  
  1.659586907438e+04  ,1.223730471707e-10  
  1.698243652462e+04  ,1.153162037286e-10  
  1.737800828749e+04  ,1.086001128739e-10  
  1.778279410039e+04  ,1.022148925554e-10  
  1.819700858610e+04  ,9.615034630104e-11  
  1.862087136663e+04  ,9.039602726127e-11  
  1.905460717963e+04  ,8.494129938799e-11  
  1.949844599758e+04  ,7.977539548030e-11  
  1.995262314969e+04  ,7.488747187834e-11  
  2.041737944669e+04  ,7.026665963486e-11  
  2.089296130854e+04  ,6.590211204018e-11  
  2.137962089502e+04  ,6.178304842118e-11  
  2.187761623950e+04  ,5.789879417628e-11  
  2.238721138568e+04  ,5.423881704705e-11  
  2.290867652768e+04  ,5.079275966282e-11  
  2.344228815320e+04  ,4.755046842636e-11  
  2.398832919019e+04  ,4.450201883739e-11  
  2.454708915685e+04  ,4.163773737531e-11  
  2.511886431510e+04  ,3.894822008373e-11  
  2.570395782769e+04  ,3.642434801689e-11  
  2.630267991895e+04  ,3.405729972232e-11  
  2.691534803927e+04  ,3.183856094439e-11  
  2.754228703338e+04  ,2.975993174142e-11  
  2.818382931264e+04  ,2.781353121337e-11  
  2.884031503127e+04  ,2.599180003918e-11  
  2.951209226666e+04  ,2.428750102232e-11  
  3.019951720402e+04  ,2.269371784039e-11  
  3.090295432514e+04  ,2.120385219038e-11  
  3.162277660168e+04  ,1.981161951452e-11  
  3.235936569296e+04  ,1.851104348480e-11  
  3.311311214826e+04  ,1.729644941513e-11  
  3.388441561392e+04  ,1.616245676098e-11  
  3.467368504525e+04  ,1.510397085631e-11  
  3.548133892336e+04  ,1.411617402692e-11  
  3.630780547701e+04  ,1.319451620888e-11  
  3.715352290972e+04  ,1.233470518995e-11  
  3.801893963206e+04  ,1.153269658101e-11  
  3.890451449943e+04  ,1.078468361438e-11  
  3.981071705535e+04  ,1.008708685558e-11  
  4.073802778041e+04  ,9.436543905286e-12  
  4.168693834703e+04  ,8.829899159163e-12  
  4.265795188016e+04  ,8.264193684301e-12  
  4.365158322402e+04  ,7.736655262859e-12  
  4.466835921510e+04  ,7.244688645864e-12  
  4.570881896149e+04  ,6.785866053068e-12  
  4.677351412872e+04  ,6.357917948304e-12  
  4.786300923226e+04  ,5.958724113890e-12  
  4.897788193684e+04  ,5.586305042331e-12  
  5.011872336273e+04  ,5.238813658811e-12  
  5.128613839914e+04  ,4.914527383692e-12  
  5.248074602498e+04  ,4.611840540532e-12  
  5.370317963702e+04  ,4.329257111817e-12  
  5.495408738576e+04  ,4.065383841785e-12  
  5.623413251903e+04  ,3.818923683237e-12  
  5.754399373371e+04  ,3.588669583198e-12  
  5.888436553556e+04  ,3.373498600507e-12  
  6.025595860743e+04  ,3.172366346996e-12  
  6.165950018615e+04  ,2.984301742769e-12  
  6.309573444802e+04  ,2.808402075149e-12  
  6.456542290346e+04  ,2.643828350178e-12  
  6.606934480076e+04  ,2.489800925058e-12  
  6.760829753920e+04  ,2.345595409554e-12  
  6.918309709189e+04  ,2.210538824220e-12  
  7.079457843841e+04  ,2.084006003235e-12  
  7.244359600750e+04  ,1.965416229657e-12  
  7.413102413009e+04  ,1.854230091075e-12  
  7.585775750292e+04  ,1.749946543826e-12  
  7.762471166287e+04  ,1.652100174196e-12  
  7.943282347243e+04  ,1.560258645407e-12  
  8.128305161641e+04  ,1.474020319482e-12  
  8.317637711027e+04  ,1.393012043518e-12  
  8.511380382024e+04  ,1.316887090308e-12  
  8.709635899561e+04  ,1.245323243654e-12  
  8.912509381337e+04  ,1.178021019183e-12  
  9.120108393559e+04  ,1.114702011901e-12  
  9.332543007970e+04  ,1.055107362173e-12  
  9.549925860214e+04  ,9.989963322382e-13  
  9.772372209558e+04  ,9.461449858140e-13  
  1.000000000000e+05  ,8.963449637576e-13  
  1.023292992281e+05  ,8.494023491589e-13  
  1.047128548051e+05  ,8.051366156336e-13  
  1.071519305238e+05  ,7.633796529690e-13  
  1.096478196143e+05  ,7.239748646366e-13  
  1.122018454302e+05  ,6.867763320330e-13  
  1.148153621497e+05  ,6.516480406480e-13  
  1.174897554940e+05  ,6.184631636688e-13  
  1.202264434617e+05  ,5.871033988349e-13  
  1.230268770812e+05  ,5.574583546368e-13  
  1.258925411794e+05  ,5.294249822222e-13  
  1.288249551693e+05  ,5.029070496273e-13  
  1.318256738556e+05  ,4.778146551823e-13  
  1.348962882592e+05  ,4.540637771716e-13  
  1.380384264603e+05  ,4.315758570304e-13  
  1.412537544623e+05  ,4.102774135594e-13  
  1.445439770746e+05  ,3.900996858231e-13  
  1.479108388168e+05  ,3.709783025641e-13  
  1.513561248436e+05  ,3.528529761293e-13  
  1.548816618912e+05  ,3.356672190515e-13  
  1.584893192461e+05  ,3.193680815662e-13  
  1.621810097359e+05  ,3.039059084753e-13  
  1.659586907438e+05  ,2.892341138869e-13  
  1.698243652462e+05  ,2.753089724724e-13  
  1.737800828749e+05  ,2.620894259847e-13  
  1.778279410039e+05  ,2.495369038780e-13  
  1.819700858610e+05  ,2.376151569554e-13  
  1.862087136663e+05  ,2.262901030583e-13  
  1.905460717963e+05  ,2.155296838795e-13  
  1.949844599758e+05  ,2.053037320607e-13  
  1.995262314969e+05  ,1.955838477928e-13  
  2.041737944669e+05  ,1.863432842025e-13  
  2.089296130854e+05  ,1.775568408621e-13  
  2.137962089502e+05  ,1.692007648099e-13  
  2.187761623950e+05  ,1.612526585181e-13  
  2.238721138568e+05  ,1.536913942874e-13  
  2.290867652768e+05  ,1.464970345874e-13  
  2.344228815320e+05  ,1.396507579001e-13  
  2.398832919019e+05  ,1.331347896584e-13  
  2.454708915685e+05  ,1.269323379009e-13  
  2.511886431510e+05  ,1.210275332968e-13  
  2.570395782769e+05  ,1.154053732183e-13  
  2.630267991895e+05  ,1.100516695646e-13  
  2.691534803927e+05  ,1.049530000648e-13  
  2.754228703338e+05  ,1.000966628058e-13  
  2.818382931264e+05  ,9.547063375328e-14  
  2.884031503127e+05  ,9.106352704924e-14  
  2.951209226666e+05  ,8.686455788893e-14  
  3.019951720402e+05  ,8.286350779209e-14  
  3.090295432514e+05  ,7.905069209939e-14  
  3.162277660168e+05  ,7.541692953731e-14  
  3.235936569296e+05  ,7.195351370623e-14  
  3.311311214826e+05  ,6.865218635791e-14  
  3.388441561392e+05  ,6.550511233820e-14  
  3.467368504525e+05  ,6.250485608032e-14  
  3.548133892336e+05  ,5.964435954267e-14  
  3.630780547701e+05  ,5.691692149257e-14  
  3.715352290972e+05  ,5.431617804531e-14  
  3.801893963206e+05  ,5.183608437385e-14  
  3.890451449943e+05  ,4.947089751119e-14  
  3.981071705535e+05  ,4.721516017294e-14  
  4.073802778041e+05  ,4.506368553288e-14  
  4.168693834703e+05  ,4.301154288916e-14  
  4.265795188016e+05  ,4.105404416327e-14  
  4.365158322402e+05  ,3.918673117814e-14  
  4.466835921510e+05  ,3.740536366530e-14  
  4.570881896149e+05  ,3.570590795482e-14  
  4.677351412872e+05  ,3.408452630494e-14  
  4.786300923226e+05  ,3.253756683109e-14  
  4.897788193684e+05  ,3.106155399720e-14  
  5.011872336273e+05  ,2.965317963434e-14  
  5.128613839914e+05  ,2.830929445447e-14  
  5.248074602498e+05  ,2.702690002893e-14  
  5.370317963702e+05  ,2.580314120384e-14  
  5.495408738576e+05  ,2.463529892581e-14  
  5.623413251903e+05  ,2.352078345378e-14  
  5.754399373371e+05  ,2.245712793390e-14  
  5.888436553556e+05  ,2.144198231627e-14  
  6.025595860743e+05  ,2.047310759338e-14  
  6.165950018615e+05  ,1.954837034179e-14  
  6.309573444802e+05  ,1.866573754941e-14  
  6.456542290346e+05  ,1.782327171216e-14  
  6.606934480076e+05  ,1.701912618458e-14  
  6.760829753920e+05  ,1.625154077018e-14  
  6.918309709189e+05  ,1.551883753799e-14  
  7.079457843841e+05  ,1.481941685268e-14  
  7.244359600750e+05  ,1.415175360658e-14  
  7.413102413009e+05  ,1.351439364229e-14  
  7.585775750292e+05  ,1.290595035555e-14  
  7.762471166287e+05  ,1.232510146863e-14  
  7.943282347243e+05  ,1.177058596487e-14  
  8.128305161641e+05  ,1.124120117587e-14  
  8.317637711027e+05  ,1.073580001307e-14  
  8.511380382024e+05  ,1.025328833608e-14  
  8.709635899561e+05  ,9.792622450575e-15  
  8.912509381337e+05  ,9.352806728850e-15  
  9.120108393559e+05  ,8.932891346730e-15  
  9.332543007970e+05  ,8.531970130720e-15  
  9.549925860214e+05  ,8.149178509697e-15  
  9.772372209558e+05  ,7.783691565783e-15  
  1.000000000000e+06  ,7.434722179295e-15  
  1.023292992281e+06  ,7.101519262992e-15  
  1.047128548051e+06  ,6.783366081067e-15  
  1.071519305238e+06  ,6.479578648623e-15  
  1.096478196143e+06  ,6.189504207570e-15  
  1.122018454302e+06  ,5.912519775122e-15  
  1.148153621497e+06  ,5.648030761273e-15  
  1.174897554940e+06  ,5.395469651837e-15  
  1.202264434617e+06  ,5.154294753796e-15  
  1.230268770812e+06  ,4.923988999909e-15  
  1.258925411794e+06  ,4.704058809666e-15  
  1.288249551693e+06  ,4.494033003847e-15  
  1.318256738556e+06  ,4.293461770083e-15  
  1.348962882592e+06  ,4.101915676957e-15  
  1.380384264603e+06  ,3.918984734302e-15  
  1.412537544623e+06  ,3.744277497498e-15  
  1.445439770746e+06  ,3.577420213673e-15  
  1.479108388168e+06  ,3.418056007807e-15  
  1.513561248436e+06  ,3.265844106886e-15  
  1.548816618912e+06  ,3.120459100308e-15  
  1.584893192461e+06  ,2.981590234858e-15  
  1.621810097359e+06  ,2.848940742663e-15  
  1.659586907438e+06  ,2.722227200613e-15  
  1.698243652462e+06  ,2.601178919812e-15  
  1.737800828749e+06  ,2.485537363717e-15  
  1.778279410039e+06  ,2.375055593686e-15  
  1.819700858610e+06  ,2.269497740728e-15  
  1.862087136663e+06  ,2.168638502312e-15  
  1.905460717963e+06  ,2.072262663181e-15  
  1.949844599758e+06  ,1.980164639153e-15  
  1.995262314969e+06  ,1.892148042978e-15  
  2.041737944669e+06  ,1.808025271360e-15  
  2.089296130854e+06  ,1.727617112340e-15  
  2.137962089502e+06  ,1.650752372284e-15  
  2.187761623949e+06  ,1.577267521763e-15  
  2.238721138568e+06  ,1.507006359712e-15  
  2.290867652768e+06  ,1.439819695286e-15  
  2.344228815320e+06  ,1.375565046892e-15  
  2.398832919019e+06  ,1.314106357945e-15  
  2.454708915685e+06  ,1.255313728957e-15  
  2.511886431510e+06  ,1.199063165605e-15  
  2.570395782769e+06  ,1.145236342485e-15  
  2.630267991895e+06  ,1.093720382303e-15  
  2.691534803927e+06  ,1.044407650279e-15  
  2.754228703338e+06  ,9.971955635632e-16  
  2.818382931264e+06  ,9.519864154462e-16  
  2.884031503127e+06  ,9.086872141420e-16  
  2.951209226666e+06  ,8.672095358297e-16  
  3.019951720402e+06  ,8.274693915526e-16  
  3.090295432514e+06  ,7.893871074129e-16  
  3.162277660168e+06  ,7.528872172802e-16  
  3.235936569296e+06  ,7.178983669522e-16  
  3.311311214826e+06  ,6.843532283461e-16  
  3.388441561392e+06  ,6.521884218650e-16  
  3.467368504525e+06  ,6.213444445795e-16  
  3.548133892336e+06  ,5.917656012960e-16  
  3.630780547701e+06  ,5.633999349799e-16  
  3.715352290972e+06  ,5.361991523951e-16  
  3.801893963206e+06  ,5.101185402646e-16  
  3.890451449943e+06  ,4.851168668092e-16  
  3.981071705535e+06  ,4.611562632755e-16  
  4.073802778041e+06  ,4.382020800914e-16  
  4.168693834703e+06  ,4.162227126943e-16  
  4.265795188016e+06  ,3.951893929304e-16  
  4.365158322402e+06  ,3.750759432869e-16  
  4.466835921510e+06  ,3.558584930990e-16  
  4.570881896149e+06  ,3.375151582367e-16  
  4.677351412872e+06  ,3.200256884930e-16  
  4.786300923226e+06  ,3.033710898019e-16  
  4.897788193684e+06  ,2.875332312374e-16  
  5.011872336273e+06  ,2.724944492100e-16  
  5.128613839914e+06  ,2.582371630565e-16  
  5.248074602498e+06  ,2.447435170635e-16  
  5.370317963702e+06  ,2.319950636576e-16  
  5.495408738576e+06  ,2.199725009778e-16  
  5.623413251903e+06  ,2.086554753782e-16  
  5.754399373371e+06  ,1.980224558037e-16  
  5.888436553556e+06  ,1.880506827755e-16  
  6.025595860743e+06  ,1.787161903307e-16  
  6.165950018615e+06  ,1.699938951063e-16  
  6.309573444802e+06  ,1.618577432328e-16  
  6.456542290346e+06  ,1.542809031060e-16  
  6.606934480076e+06  ,1.472359905921e-16  
  6.760829753920e+06  ,1.406953128298e-16  
  6.918309709189e+06  ,1.346311174202e-16  
  7.079457843841e+06  ,1.290158352544e-16  
  7.244359600750e+06  ,1.238223072611e-16  
  7.413102413009e+06  ,1.190239877119e-16  
  7.585775750292e+06  ,1.145951191348e-16  
  7.762471166287e+06  ,1.105108761756e-16  
  7.943282347243e+06  ,1.067474777400e-16  
  8.128305161641e+06  ,1.032822683854e-16  
  8.317637711026e+06  ,1.000937711513e-16  
  8.511380382024e+06  ,9.716171484848e-17  
  8.709635899561e+06  ,9.446703930143e-17  
  8.912509381337e+06  ,9.199188221114e-17  
  9.120108393559e+06  ,8.971955125085e-17  
  9.332543007970e+06  ,8.763448478050e-17  
  9.549925860214e+06  ,8.572220423274e-17  
  9.772372209558e+06  ,8.396926082885e-17  
  1.000000000000e+07  ,8.236317886888e-17  
  1.023292992281e+07  ,8.089239743377e-17  
  1.047128548051e+07  ,7.954621195817e-17  
  1.071519305238e+07  ,7.831471679329e-17  
  1.096478196143e+07  ,7.718874958458e-17  
  1.122018454302e+07  ,7.615983804147e-17  
  1.148153621497e+07  ,7.522014947316e-17  
  1.174897554939e+07  ,7.436244330280e-17  
  1.202264434617e+07  ,7.358002664663e-17  
  1.230268770812e+07  ,7.286671295049e-17  
  1.258925411794e+07  ,7.221678360755e-17  
  1.288249551693e+07  ,7.162495243410e-17  
  1.318256738556e+07  ,7.108633284963e-17  
  1.348962882592e+07  ,7.059640759028e-17  
  1.380384264603e+07  ,7.015100077724e-17  
  1.412537544623e+07  ,6.974625216126e-17  
  1.445439770746e+07  ,6.937859336951e-17  
  1.479108388168e+07  ,6.904472598895e-17  
  1.513561248436e+07  ,6.874160133102e-17  
  1.548816618912e+07  ,6.846640173350e-17  
  1.584893192461e+07  ,6.821652326764e-17  
  1.621810097359e+07  ,6.798955973000e-17  
  1.659586907438e+07  ,6.778328780995e-17  
  1.698243652462e+07  ,6.759565333425e-17  
  1.737800828749e+07  ,6.742475849969e-17  
  1.778279410039e+07  ,6.726885001416e-17  
  1.819700858610e+07  ,6.712630807378e-17  
  1.862087136663e+07  ,6.699563611167e-17  
  1.905460717963e+07  ,6.687545125960e-17  
  1.949844599758e+07  ,6.676447546991e-17  
  1.995262314969e+07  ,6.666152724968e-17  
  2.041737944669e+07  ,6.656551396375e-17  
  2.089296130854e+07  ,6.647542466692e-17  
  2.137962089502e+07  ,6.639032342893e-17  
  2.187761623949e+07  ,6.630934311921e-17  
  2.238721138568e+07  ,6.623167962043e-17  
  2.290867652768e+07  ,6.615658644287e-17  
  2.344228815320e+07  ,6.608336971328e-17  
  2.398832919019e+07  ,6.601138351403e-17  
  2.454708915685e+07  ,6.594002554998e-17  
  2.511886431510e+07  ,6.586873312212e-17  
  2.570395782769e+07  ,6.579697938843e-17  
  2.630267991895e+07  ,6.572426989369e-17  
  2.691534803927e+07  ,6.565013935143e-17  
  2.754228703338e+07  ,6.557414866201e-17  
  2.818382931264e+07  ,6.549588215223e-17  
  2.884031503127e+07  ,6.541494502271e-17  
  2.951209226666e+07  ,6.533096099033e-17  
  3.019951720402e+07  ,6.524357011392e-17  
  3.090295432514e+07  ,6.515242679230e-17  
  3.162277660168e+07  ,6.505719792448e-17  
  3.235936569296e+07  ,6.495756122296e-17  
  3.311311214826e+07  ,6.485320367143e-17  
  3.388441561392e+07  ,6.474382011919e-17  
  3.467368504525e+07  ,6.462911200531e-17  
  3.548133892336e+07  ,6.450878620605e-17  
  3.630780547701e+07  ,6.438255399990e-17  
  3.715352290972e+07  ,6.425013014517e-17  
  3.801893963206e+07  ,6.411123206553e-17  
  3.890451449943e+07  ,6.396557913974e-17  
  3.981071705535e+07  ,6.381289209193e-17  
  4.073802778041e+07  ,6.365289247982e-17  
  4.168693834703e+07  ,6.348530227819e-17  
  4.265795188016e+07  ,6.330984355578e-17  
  4.365158322402e+07  ,6.312623824391e-17  
  4.466835921510e+07  ,6.293420799575e-17  
  4.570881896149e+07  ,6.273347413508e-17  
  4.677351412872e+07  ,6.252375769424e-17  
  4.786300923226e+07  ,6.230477954055e-17  
  4.897788193684e+07  ,6.207626059119e-17  
  5.011872336273e+07  ,6.183792211647e-17  
  5.128613839914e+07  ,6.158948613138e-17  
  5.248074602498e+07  ,6.133067587551e-17  
  5.370317963702e+07  ,6.106121638135e-17  
  5.495408738576e+07  ,6.078083513075e-17  
  5.623413251903e+07  ,6.048926279938e-17  
  5.754399373371e+07  ,6.018623408841e-17  
  5.888436553556e+07  ,5.987148864274e-17  
  6.025595860743e+07  ,5.954477205431e-17  
  6.165950018615e+07  ,5.920583694883e-17  
  6.309573444802e+07  ,5.885444415345e-17  
  6.456542290346e+07  ,5.849036394246e-17  
  6.606934480076e+07  ,5.811337735722e-17  
  6.760829753920e+07  ,5.772327759577e-17  
  6.918309709189e+07  ,5.731987146673e-17  
  7.079457843841e+07  ,5.690298090105e-17  
  7.244359600750e+07  ,5.647244451421e-17  
  7.413102413009e+07  ,5.602811921054e-17  
  7.585775750292e+07  ,5.556988181993e-17  
  7.762471166287e+07  ,5.509763075639e-17  
  7.943282347243e+07  ,5.461128768666e-17  
  8.128305161641e+07  ,5.411079919590e-17  
  8.317637711026e+07  ,5.359613843663e-17  
  8.511380382024e+07  ,5.306730674580e-17  
  8.709635899561e+07  ,5.252433521413e-17  
  8.912509381337e+07  ,5.196728619109e-17  
  9.120108393559e+07  ,5.139625470790e-17  
  9.332543007970e+07  ,5.081136980090e-17  
  9.549925860214e+07  ,5.021279571681e-17  
  9.772372209558e+07  ,4.960073298173e-17  
  1.000000000000e+08  ,4.897541931558e-17  
