  Frequency            , max(SQRT(S(V(ONOISE)*V(ONOISE))))
  0.000000000000e+00  ,3.716311500600e-03  
  1.000000000000e-06  ,4.940535185484e-03  
  2.000000000000e-06  ,5.916655750207e-03  
  3.000000000000e-06  ,6.753128357599e-03  
  4.000000000000e-06  ,7.496844000069e-03  
  5.000000000000e-06  ,8.173163237622e-03  
  6.000000000000e-06  ,8.797643130766e-03  
  7.000000000000e-06  ,9.380642408904e-03  
  8.000000000000e-06  ,9.929470245246e-03  
  9.000000000000e-06  ,1.044951227085e-02  
  1.000000000000e-05  ,1.094487250022e-02  
  1.100000000000e-05  ,1.141876356676e-02  
  1.200000000000e-05  ,1.187375630292e-02  
  1.300000000000e-05  ,1.231194607235e-02  
  1.400000000000e-05  ,1.273506746884e-02  
  1.500000000000e-05  ,1.314457571713e-02  
  1.600000000000e-05  ,1.354170587965e-02  
  1.700000000000e-05  ,1.392751684538e-02  
  1.800000000000e-05  ,1.430292462491e-02  
  1.900000000000e-05  ,1.466872796711e-02  
  2.000000000000e-05  ,1.502562835694e-02  
  2.100000000000e-05  ,1.537424583087e-02  
  2.200000000000e-05  ,1.571513163214e-02  
  2.300000000000e-05  ,1.604877844457e-02  
  2.400000000000e-05  ,1.637562874856e-02  
  2.500000000000e-05  ,1.669608170374e-02  
  2.600000000000e-05  ,1.701049886410e-02  
  2.700000000000e-05  ,1.731920895863e-02  
  2.800000000000e-05  ,1.762251191801e-02  
  2.900000000000e-05  ,1.792068228745e-02  
  3.000000000000e-05  ,1.821397213667e-02  
  3.100000000000e-05  ,1.850261355438e-02  
  3.200000000000e-05  ,1.878682079784e-02  
  3.300000000000e-05  ,1.906679215383e-02  
  3.400000000000e-05  ,1.934271155720e-02  
  3.500000000000e-05  ,1.961475000433e-02  
  3.600000000000e-05  ,1.988306679263e-02  
  3.700000000000e-05  ,2.014781061126e-02  
  3.800000000000e-05  ,2.040912050469e-02  
  3.900000000000e-05  ,2.066712672633e-02  
  4.000000000000e-05  ,2.092195149765e-02  
  4.100000000000e-05  ,2.117370968482e-02  
  4.200000000000e-05  ,2.142250940401e-02  
  4.300000000000e-05  ,2.166845256386e-02  
  4.400000000000e-05  ,2.191163535339e-02  
  4.500000000000e-05  ,2.215214868149e-02  
  4.600000000000e-05  ,2.239007857411e-02  
  4.700000000000e-05  ,2.262550653360e-02  
  4.800000000000e-05  ,2.285850986503e-02  
  4.900000000000e-05  ,2.308916197260e-02  
  5.000000000000e-05  ,2.331753262986e-02  
