  Frequency            , V(ONOISE)            
  1.000000000000e+00  ,2.489779955996e-05  
  1.023292992281e+00  ,2.518509449806e-05  
  1.047128548051e+00  ,2.547564526588e-05  
  1.071519305238e+00  ,2.576948498819e-05  
  1.096478196143e+00  ,2.606664689107e-05  
  1.122018454302e+00  ,2.636716428626e-05  
  1.148153621497e+00  ,2.667107055422e-05  
  1.174897554940e+00  ,2.697839912608e-05  
  1.202264434617e+00  ,2.728918346423e-05  
  1.230268770812e+00  ,2.760345704149e-05  
  1.258925411794e+00  ,2.792125331893e-05  
  1.288249551693e+00  ,2.824260572206e-05  
  1.318256738556e+00  ,2.856754761542e-05  
  1.348962882592e+00  ,2.889611227544e-05  
  1.380384264603e+00  ,2.922833286153e-05  
  1.412537544623e+00  ,2.956424238515e-05  
  1.445439770746e+00  ,2.990387367697e-05  
  1.479108388168e+00  ,3.024725935179e-05  
  1.513561248436e+00  ,3.059443177128e-05  
  1.548816618912e+00  ,3.094542300430e-05  
  1.584893192461e+00  ,3.130026478470e-05  
  1.621810097359e+00  ,3.165898846653e-05  
  1.659586907438e+00  ,3.202162497642e-05  
  1.698243652462e+00  ,3.238820476303e-05  
  1.737800828749e+00  ,3.275875774346e-05  
  1.778279410039e+00  ,3.313331324634e-05  
  1.819700858610e+00  ,3.351189995162e-05  
  1.862087136663e+00  ,3.389454582666e-05  
  1.905460717963e+00  ,3.428127805862e-05  
  1.949844599758e+00  ,3.467212298290e-05  
  1.995262314969e+00  ,3.506710600743e-05  
  2.041737944670e+00  ,3.546625153259e-05  
  2.089296130854e+00  ,3.586958286658e-05  
  2.137962089502e+00  ,3.627712213610e-05  
  2.187761623950e+00  ,3.668889019192e-05  
  2.238721138568e+00  ,3.710490650934e-05  
  2.290867652768e+00  ,3.752518908314e-05  
  2.344228815320e+00  ,3.794975431686e-05  
  2.398832919019e+00  ,3.837861690619e-05  
  2.454708915685e+00  ,3.881178971612e-05  
  2.511886431510e+00  ,3.924928365168e-05  
  2.570395782769e+00  ,3.969110752204e-05  
  2.630267991895e+00  ,4.013726789762e-05  
  2.691534803927e+00  ,4.058776895998e-05  
  2.754228703338e+00  ,4.104261234435e-05  
  2.818382931264e+00  ,4.150179697429e-05  
  2.884031503127e+00  ,4.196531888854e-05  
  2.951209226666e+00  ,4.243317105953e-05  
  3.019951720402e+00  ,4.290534320348e-05  
  3.090295432514e+00  ,4.338182158183e-05  
  3.162277660168e+00  ,4.386258879367e-05  
  3.235936569296e+00  ,4.434762355916e-05  
  3.311311214826e+00  ,4.483690049354e-05  
  3.388441561392e+00  ,4.533038987171e-05  
  3.467368504525e+00  ,4.582805738320e-05  
  3.548133892336e+00  ,4.632986387736e-05  
  3.630780547701e+00  ,4.683576509881e-05  
  3.715352290972e+00  ,4.734571141292e-05  
  3.801893963206e+00  ,4.785964752159e-05  
  3.890451449943e+00  ,4.837751216911e-05  
  3.981071705535e+00  ,4.889923783837e-05  
  4.073802778041e+00  ,4.942475043761e-05  
  4.168693834703e+00  ,4.995396897780e-05  
  4.265795188016e+00  ,5.048680524118e-05  
  4.365158322402e+00  ,5.102316344116e-05  
  4.466835921510e+00  ,5.156293987425e-05  
  4.570881896149e+00  ,5.210602256452e-05  
  4.677351412872e+00  ,5.265229090135e-05  
  4.786300923226e+00  ,5.320161527132e-05  
  4.897788193684e+00  ,5.375385668516e-05  
  5.011872336273e+00  ,5.430886640097e-05  
  5.128613839914e+00  ,5.486648554483e-05  
  5.248074602498e+00  ,5.542654473045e-05  
  5.370317963703e+00  ,5.598886367917e-05  
  5.495408738576e+00  ,5.655325084243e-05  
  5.623413251903e+00  ,5.711950302839e-05  
  5.754399373372e+00  ,5.768740503507e-05  
  5.888436553556e+00  ,5.825672929231e-05  
  6.025595860744e+00  ,5.882723551517e-05  
  6.165950018615e+00  ,5.939867037166e-05  
  6.309573444802e+00  ,5.997076716765e-05  
  6.456542290347e+00  ,6.054324555250e-05  
  6.606934480076e+00  ,6.111581124865e-05  
  6.760829753920e+00  ,6.168815580909e-05  
  6.918309709189e+00  ,6.225995640644e-05  
  7.079457843841e+00  ,6.283087565798e-05  
  7.244359600750e+00  ,6.340056149071e-05  
  7.413102413009e+00  ,6.396864705113e-05  
  7.585775750292e+00  ,6.453475066430e-05  
  7.762471166287e+00  ,6.509847584684e-05  
  7.943282347243e+00  ,6.565941137883e-05  
  8.128305161641e+00  ,6.621713143941e-05  
  8.317637711027e+00  ,6.677119581099e-05  
  8.511380382024e+00  ,6.732115015682e-05  
  8.709635899561e+00  ,6.786652637670e-05  
  8.912509381337e+00  ,6.840684304534e-05  
  9.120108393559e+00  ,6.894160593759e-05  
  9.332543007970e+00  ,6.947030864464e-05  
  9.549925860214e+00  ,6.999243328457e-05  
  9.772372209558e+00  ,7.050745131050e-05  
  1.000000000000e+01  ,7.101482441884e-05  
  1.023292992281e+01  ,7.151400555932e-05  
  1.047128548051e+01  ,7.200444004820e-05  
  1.071519305238e+01  ,7.248556678470e-05  
  1.096478196143e+01  ,7.295681957017e-05  
  1.122018454302e+01  ,7.341762852825e-05  
  1.148153621497e+01  ,7.386742162351e-05  
  1.174897554940e+01  ,7.430562627449e-05  
  1.202264434617e+01  ,7.473167105639e-05  
  1.230268770812e+01  ,7.514498748694e-05  
  1.258925411794e+01  ,7.554501188819e-05  
  1.288249551693e+01  ,7.593118731525e-05  
  1.318256738556e+01  ,7.630296554229e-05  
  1.348962882592e+01  ,7.665980909437e-05  
  1.380384264603e+01  ,7.700119331299e-05  
  1.412537544623e+01  ,7.732660844188e-05  
  1.445439770746e+01  ,7.763556171879e-05  
  1.479108388168e+01  ,7.792757945810e-05  
  1.513561248436e+01  ,7.820220910848e-05  
  1.548816618912e+01  ,7.845902126923e-05  
  1.584893192461e+01  ,7.869761164882e-05  
  1.621810097359e+01  ,7.891760294880e-05  
  1.659586907438e+01  ,7.911864665655e-05  
  1.698243652462e+01  ,7.930042473071e-05  
  1.737800828749e+01  ,7.946265116349e-05  
  1.778279410039e+01  ,7.960507340527e-05  
  1.819700858610e+01  ,7.972747363751e-05  
  1.862087136663e+01  ,7.982966988156e-05  
  1.905460717963e+01  ,7.991151693236e-05  
  1.949844599758e+01  ,7.997290710759e-05  
  1.995262314969e+01  ,8.001377080466e-05  
  2.041737944670e+01  ,8.003407685992e-05  
  2.089296130854e+01  ,8.003383270650e-05  
  2.137962089502e+01  ,8.001308432907e-05  
  2.187761623950e+01  ,7.997191601632e-05  
  2.238721138568e+01  ,7.991044991359e-05  
  2.290867652768e+01  ,7.982884538053e-05  
  2.344228815320e+01  ,7.972729816046e-05  
  2.398832919019e+01  ,7.960603936992e-05  
  2.454708915685e+01  ,7.946533431877e-05  
  2.511886431510e+01  ,7.930548117249e-05  
  2.570395782769e+01  ,7.912680947011e-05  
  2.630267991895e+01  ,7.892967851176e-05  
  2.691534803927e+01  ,7.871447563131e-05  
  2.754228703338e+01  ,7.848161436983e-05  
  2.818382931264e+01  ,7.823153256636e-05  
  2.884031503127e+01  ,7.796469038243e-05  
  2.951209226666e+01  ,7.768156827706e-05  
  3.019951720402e+01  ,7.738266494847e-05  
  3.090295432514e+01  ,7.706849525859e-05  
  3.162277660168e+01  ,7.673958815559e-05  
  3.235936569296e+01  ,7.639648460914e-05  
  3.311311214826e+01  ,7.603973557218e-05  
  3.388441561392e+01  ,7.566989998172e-05  
  3.467368504525e+01  ,7.528754281052e-05  
  3.548133892336e+01  ,7.489323317999e-05  
  3.630780547701e+01  ,7.448754254358e-05  
  3.715352290972e+01  ,7.407104294871e-05  
  3.801893963206e+01  ,7.364430538398e-05  
  3.890451449943e+01  ,7.320789821728e-05  
  3.981071705535e+01  ,7.276238572906e-05  
  4.073802778041e+01  ,7.230832674420e-05  
  4.168693834703e+01  ,7.184627336433e-05  
  4.265795188016e+01  ,7.137676980196e-05  
  4.365158322402e+01  ,7.090035131654e-05  
  4.466835921510e+01  ,7.041754325166e-05  
  4.570881896149e+01  ,6.992886017209e-05  
  4.677351412872e+01  ,6.943480509842e-05  
  4.786300923226e+01  ,6.893586883653e-05  
  4.897788193684e+01  ,6.843252939874e-05  
  5.011872336273e+01  ,6.792525151279e-05  
  5.128613839914e+01  ,6.741448621476e-05  
  5.248074602498e+01  ,6.690067052145e-05  
  5.370317963703e+01  ,6.638422717775e-05  
  5.495408738576e+01  ,6.586556447441e-05  
  5.623413251903e+01  ,6.534507613123e-05  
  5.754399373372e+01  ,6.482314124117e-05  
  5.888436553556e+01  ,6.430012427029e-05  
  6.025595860744e+01  ,6.377637510917e-05  
  6.165950018615e+01  ,6.325222917079e-05  
  6.309573444802e+01  ,6.272800753083e-05  
  6.456542290347e+01  ,6.220401710564e-05  
  6.606934480076e+01  ,6.168055086402e-05  
  6.760829753920e+01  ,6.115788806875e-05  
  6.918309709189e+01  ,6.063629454402e-05  
  7.079457843841e+01  ,6.011602296536e-05  
  7.244359600750e+01  ,5.959731316861e-05  
  7.413102413009e+01  ,5.908039247492e-05  
  7.585775750292e+01  ,5.856547602876e-05  
  7.762471166287e+01  ,5.805276714633e-05  
  7.943282347243e+01  ,5.754245767199e-05  
  8.128305161641e+01  ,5.703472834022e-05  
  8.317637711027e+01  ,5.652974914126e-05  
  8.511380382024e+01  ,5.602767968850e-05  
  8.709635899561e+01  ,5.552866958583e-05  
  8.912509381337e+01  ,5.503285879362e-05  
  9.120108393559e+01  ,5.454037799183e-05  
  9.332543007970e+01  ,5.405134893913e-05  
  9.549925860214e+01  ,5.356588482698e-05  
  9.772372209558e+01  ,5.308409062769e-05  
  1.000000000000e+02  ,5.260606343580e-05  
  1.023292992281e+02  ,5.213189280199e-05  
  1.047128548051e+02  ,5.166166105899e-05  
  1.071519305238e+02  ,5.119544363906e-05  
  1.096478196143e+02  ,5.073330938261e-05  
  1.122018454302e+02  ,5.027532083770e-05  
  1.148153621497e+02  ,4.982153455015e-05  
  1.174897554940e+02  ,4.937200134417e-05  
  1.202264434617e+02  ,4.892676659333e-05  
  1.230268770812e+02  ,4.848587048190e-05  
  1.258925411794e+02  ,4.804934825648e-05  
  1.288249551693e+02  ,4.761723046806e-05  
  1.318256738556e+02  ,4.718954320448e-05  
  1.348962882592e+02  ,4.676630831351e-05  
  1.380384264603e+02  ,4.634754361653e-05  
  1.412537544623e+02  ,4.593326311318e-05  
  1.445439770746e+02  ,4.552347717698e-05  
  1.479108388168e+02  ,4.511819274218e-05  
  1.513561248436e+02  ,4.471741348212e-05  
  1.548816618912e+02  ,4.432113997911e-05  
  1.584893192461e+02  ,4.392936988637e-05  
  1.621810097359e+02  ,4.354209808198e-05  
  1.659586907438e+02  ,4.315931681522e-05  
  1.698243652462e+02  ,4.278101584550e-05  
  1.737800828749e+02  ,4.240718257420e-05  
  1.778279410039e+02  ,4.203780216952e-05  
  1.819700858610e+02  ,4.167285768469e-05  
  1.862087136663e+02  ,4.131233016976e-05  
  1.905460717963e+02  ,4.095619877720e-05  
  1.949844599758e+02  ,4.060444086150e-05  
  1.995262314969e+02  ,4.025703207305e-05  
  2.041737944670e+02  ,3.991394644655e-05  
  2.089296130854e+02  ,3.957515648404e-05  
  2.137962089502e+02  ,3.924063323288e-05  
  2.187761623950e+02  ,3.891034635890e-05  
  2.238721138568e+02  ,3.858426421476e-05  
  2.290867652768e+02  ,3.826235390390e-05  
  2.344228815320e+02  ,3.794458134015e-05  
  2.398832919019e+02  ,3.763091130324e-05  
  2.454708915685e+02  ,3.732130749027e-05  
  2.511886431510e+02  ,3.701573256351e-05  
  2.570395782769e+02  ,3.671414819447e-05  
  2.630267991895e+02  ,3.641651510455e-05  
  2.691534803927e+02  ,3.612279310233e-05  
  2.754228703338e+02  ,3.583294111767e-05  
  2.818382931264e+02  ,3.554691723278e-05  
  2.884031503127e+02  ,3.526467871036e-05  
  2.951209226666e+02  ,3.498618201889e-05  
  3.019951720402e+02  ,3.471138285531e-05  
  3.090295432514e+02  ,3.444023616512e-05  
  3.162277660168e+02  ,3.417269615998e-05  
  3.235936569296e+02  ,3.390871633299e-05  
  3.311311214826e+02  ,3.364824947177e-05  
  3.388441561392e+02  ,3.339124766931e-05  
  3.467368504525e+02  ,3.313766233281e-05  
  3.548133892336e+02  ,3.288744419059e-05  
  3.630780547701e+02  ,3.264054329710e-05  
  3.715352290972e+02  ,3.239690903615e-05  
  3.801893963206e+02  ,3.215649012245e-05  
  3.890451449943e+02  ,3.191923460162e-05  
  3.981071705535e+02  ,3.168508984854e-05  
  4.073802778041e+02  ,3.145400256443e-05  
  4.168693834703e+02  ,3.122591877243e-05  
  4.265795188016e+02  ,3.100078381211e-05  
  4.365158322402e+02  ,3.077854233261e-05  
  4.466835921510e+02  ,3.055913828484e-05  
  4.570881896149e+02  ,3.034251491268e-05  
  4.677351412872e+02  ,3.012861474323e-05  
  4.786300923226e+02  ,2.991737957639e-05  
  4.897788193684e+02  ,2.970875047360e-05  
  5.011872336273e+02  ,2.950266774620e-05  
  5.128613839914e+02  ,2.929907094319e-05  
  5.248074602498e+02  ,2.909789883874e-05  
  5.370317963702e+02  ,2.889908941950e-05  
  5.495408738576e+02  ,2.870257987182e-05  
  5.623413251903e+02  ,2.850830656911e-05  
  5.754399373372e+02  ,2.831620505943e-05  
  5.888436553556e+02  ,2.812621005348e-05  
  6.025595860744e+02  ,2.793825541326e-05  
  6.165950018615e+02  ,2.775227414142e-05  
  6.309573444802e+02  ,2.756819837175e-05  
  6.456542290347e+02  ,2.738595936074e-05  
  6.606934480076e+02  ,2.720548748067e-05  
  6.760829753920e+02  ,2.702671221446e-05  
  6.918309709189e+02  ,2.684956215232e-05  
  7.079457843841e+02  ,2.667396499080e-05  
  7.244359600750e+02  ,2.649984753432e-05  
  7.413102413009e+02  ,2.632713569946e-05  
  7.585775750292e+02  ,2.615575452259e-05  
  7.762471166287e+02  ,2.598562817088e-05  
  7.943282347243e+02  ,2.581667995725e-05  
  8.128305161641e+02  ,2.564883235951e-05  
  8.317637711027e+02  ,2.548200704425e-05  
  8.511380382024e+02  ,2.531612489559e-05  
  8.709635899561e+02  ,2.515110604956e-05  
  8.912509381337e+02  ,2.498686993419e-05  
  9.120108393559e+02  ,2.482333531602e-05  
  9.332543007970e+02  ,2.466042035325e-05  
  9.549925860214e+02  ,2.449804265608e-05  
  9.772372209558e+02  ,2.433611935465e-05  
  1.000000000000e+03  ,2.417456717501e-05  
  1.023292992281e+03  ,2.401330252345e-05  
  1.047128548051e+03  ,2.385224157975e-05  
  1.071519305238e+03  ,2.369130039957e-05  
  1.096478196143e+03  ,2.353039502635e-05  
  1.122018454302e+03  ,2.336944161320e-05  
  1.148153621497e+03  ,2.320835655470e-05  
  1.174897554940e+03  ,2.304705662923e-05  
  1.202264434617e+03  ,2.288545915163e-05  
  1.230268770812e+03  ,2.272348213653e-05  
  1.258925411794e+03  ,2.256104447219e-05  
  1.288249551693e+03  ,2.239806610481e-05  
  1.318256738556e+03  ,2.223446823325e-05  
  1.348962882592e+03  ,2.207017351364e-05  
  1.380384264603e+03  ,2.190510627373e-05  
  1.412537544623e+03  ,2.173919273628e-05  
  1.445439770746e+03  ,2.157236125091e-05  
  1.479108388168e+03  ,2.140454253357e-05  
  1.513561248436e+03  ,2.123566991285e-05  
  1.548816618912e+03  ,2.106567958177e-05  
  1.584893192461e+03  ,2.089451085409e-05  
  1.621810097359e+03  ,2.072210642356e-05  
  1.659586907438e+03  ,2.054841262478e-05  
  1.698243652462e+03  ,2.037337969370e-05  
  1.737800828749e+03  ,2.019696202630e-05  
  1.778279410039e+03  ,2.001911843322e-05  
  1.819700858610e+03  ,1.983981238847e-05  
  1.862087136663e+03  ,1.965901226992e-05  
  1.905460717963e+03  ,1.947669158953e-05  
  1.949844599758e+03  ,1.929282921088e-05  
  1.995262314969e+03  ,1.910740955166e-05  
  2.041737944670e+03  ,1.892042276896e-05  
  2.089296130854e+03  ,1.873186492497e-05  
  2.137962089502e+03  ,1.854173813077e-05  
  2.187761623950e+03  ,1.835005066626e-05  
  2.238721138568e+03  ,1.815681707401e-05  
  2.290867652768e+03  ,1.796205822534e-05  
  2.344228815320e+03  ,1.776580135681e-05  
  2.398832919019e+03  ,1.756808007587e-05  
  2.454708915685e+03  ,1.736893433428e-05  
  2.511886431510e+03  ,1.716841036858e-05  
  2.570395782769e+03  ,1.696656060700e-05  
  2.630267991895e+03  ,1.676344354238e-05  
  2.691534803927e+03  ,1.655912357160e-05  
  2.754228703338e+03  ,1.635367080150e-05  
  2.818382931264e+03  ,1.614716082233e-05  
  2.884031503127e+03  ,1.593967445014e-05  
  2.951209226666e+03  ,1.573129743908e-05  
  3.019951720402e+03  ,1.552212016599e-05  
  3.090295432514e+03  ,1.531223728913e-05  
  3.162277660168e+03  ,1.510174738372e-05  
  3.235936569296e+03  ,1.489075255671e-05  
  3.311311214826e+03  ,1.467935804419e-05  
  3.388441561392e+03  ,1.446767179403e-05  
  3.467368504525e+03  ,1.425580403732e-05  
  3.548133892336e+03  ,1.404386685190e-05  
  3.630780547701e+03  ,1.383197372129e-05  
  3.715352290972e+03  ,1.362023909252e-05  
  3.801893963206e+03  ,1.340877793600e-05  
  3.890451449943e+03  ,1.319770531092e-05  
  3.981071705535e+03  ,1.298713593912e-05  
  4.073802778041e+03  ,1.277718379049e-05  
  4.168693834703e+03  ,1.256796168245e-05  
  4.265795188016e+03  ,1.235958089629e-05  
  4.365158322402e+03  ,1.215215081246e-05  
  4.466835921510e+03  ,1.194577856682e-05  
  4.570881896149e+03  ,1.174056872948e-05  
  4.677351412872e+03  ,1.153662300783e-05  
  4.786300923226e+03  ,1.133403997464e-05  
  4.897788193684e+03  ,1.113291482230e-05  
  5.011872336273e+03  ,1.093333914332e-05  
  5.128613839914e+03  ,1.073540073781e-05  
  5.248074602498e+03  ,1.053918344761e-05  
  5.370317963702e+03  ,1.034476701689e-05  
  5.495408738576e+03  ,1.015222697876e-05  
  5.623413251903e+03  ,9.961634567162e-06  
  5.754399373372e+03  ,9.773056653244e-06  
  5.888436553556e+03  ,9.586555704958e-06  
  6.025595860744e+03  ,9.402189769147e-06  
  6.165950018615e+03  ,9.220012474333e-06  
  6.309573444802e+03  ,9.040073053212e-06  
  6.456542290346e+03  ,8.862416383349e-06  
  6.606934480076e+03  ,8.687083044447e-06  
  6.760829753920e+03  ,8.514109390921e-06  
  6.918309709189e+03  ,8.343527638110e-06  
  7.079457843841e+03  ,8.175365960750e-06  
  7.244359600750e+03  ,8.009648602195e-06  
  7.413102413009e+03  ,7.846395992881e-06  
  7.585775750292e+03  ,7.685624876859e-06  
  7.762471166287e+03  ,7.527348444918e-06  
  7.943282347243e+03  ,7.371576473073e-06  
  8.128305161641e+03  ,7.218315465274e-06  
  8.317637711027e+03  ,7.067568799196e-06  
  8.511380382024e+03  ,6.919336874141e-06  
  8.709635899561e+03  ,6.773617260028e-06  
  8.912509381337e+03  ,6.630404846621e-06  
  9.120108393559e+03  ,6.489691992284e-06  
  9.332543007970e+03  ,6.351468671429e-06  
  9.549925860214e+03  ,6.215722620138e-06  
  9.772372209558e+03  ,6.082439479292e-06  
  1.000000000000e+04  ,5.951602934860e-06  
  1.023292992281e+04  ,5.823194854738e-06  
  1.047128548051e+04  ,5.697195421940e-06  
  1.071519305238e+04  ,5.573583263789e-06  
  1.096478196143e+04  ,5.452335576782e-06  
  1.122018454302e+04  ,5.333428247073e-06  
  1.148153621497e+04  ,5.216835966304e-06  
  1.174897554940e+04  ,5.102532342783e-06  
  1.202264434617e+04  ,4.990490007777e-06  
  1.230268770812e+04  ,4.880680717117e-06  
  1.258925411794e+04  ,4.773075447924e-06  
  1.288249551693e+04  ,4.667644490506e-06  
  1.318256738556e+04  ,4.564357535578e-06  
  1.348962882592e+04  ,4.463183756799e-06  
  1.380384264603e+04  ,4.364091888669e-06  
  1.412537544623e+04  ,4.267050299972e-06  
  1.445439770746e+04  ,4.172027062876e-06  
  1.479108388168e+04  ,4.078990017738e-06  
  1.513561248436e+04  ,3.987906833837e-06  
  1.548816618912e+04  ,3.898745066109e-06  
  1.584893192461e+04  ,3.811472208060e-06  
  1.621810097359e+04  ,3.726055741067e-06  
  1.659586907438e+04  ,3.642463180053e-06  
  1.698243652462e+04  ,3.560662115888e-06  
  1.737800828749e+04  ,3.480620254523e-06  
  1.778279410039e+04  ,3.402305453062e-06  
  1.819700858610e+04  ,3.325685752971e-06  
  1.862087136663e+04  ,3.250729410445e-06  
  1.905460717963e+04  ,3.177404924214e-06  
  1.949844599758e+04  ,3.105681060862e-06  
  1.995262314969e+04  ,3.035526877766e-06  
  2.041737944670e+04  ,2.966911743877e-06  
  2.089296130854e+04  ,2.899805358399e-06  
  2.137962089502e+04  ,2.834177767517e-06  
  2.187761623950e+04  ,2.769999379290e-06  
  2.238721138568e+04  ,2.707240976823e-06  
  2.290867652768e+04  ,2.645873729845e-06  
  2.344228815320e+04  ,2.585869204769e-06  
  2.398832919019e+04  ,2.527199373351e-06  
  2.454708915685e+04  ,2.469836620061e-06  
  2.511886431510e+04  ,2.413753748201e-06  
  2.570395782769e+04  ,2.358923984943e-06  
  2.630267991895e+04  ,2.305320985279e-06  
  2.691534803927e+04  ,2.252918835017e-06  
  2.754228703338e+04  ,2.201692052890e-06  
  2.818382931264e+04  ,2.151615591827e-06  
  2.884031503127e+04  ,2.102664839464e-06  
  2.951209226666e+04  ,2.054815617957e-06  
  3.019951720402e+04  ,2.008044183151e-06  
  3.090295432514e+04  ,1.962327223168e-06  
  3.162277660168e+04  ,1.917641856453e-06  
  3.235936569296e+04  ,1.873965629329e-06  
  3.311311214826e+04  ,1.831276513102e-06  
  3.388441561392e+04  ,1.789552900789e-06  
  3.467368504525e+04  ,1.748773603443e-06  
  3.548133892336e+04  ,1.708917846194e-06  
  3.630780547701e+04  ,1.669965263957e-06  
  3.715352290972e+04  ,1.631895896900e-06  
  3.801893963206e+04  ,1.594690185681e-06  
  3.890451449943e+04  ,1.558328966472e-06  
  3.981071705535e+04  ,1.522793465805e-06  
  4.073802778041e+04  ,1.488065295262e-06  
  4.168693834703e+04  ,1.454126446040e-06  
  4.265795188016e+04  ,1.420959283375e-06  
  4.365158322402e+04  ,1.388546540912e-06  
  4.466835921510e+04  ,1.356871314955e-06  
  4.570881896149e+04  ,1.325917058678e-06  
  4.677351412872e+04  ,1.295667576290e-06  
  4.786300923226e+04  ,1.266107017149e-06  
  4.897788193684e+04  ,1.237219869866e-06  
  5.011872336273e+04  ,1.208990956398e-06  
  5.128613839914e+04  ,1.181405426136e-06  
  5.248074602498e+04  ,1.154448750000e-06  
  5.370317963702e+04  ,1.128106714555e-06  
  5.495408738576e+04  ,1.102365416156e-06  
  5.623413251903e+04  ,1.077211255118e-06  
  5.754399373371e+04  ,1.052630929926e-06  
  5.888436553556e+04  ,1.028611431494e-06  
  6.025595860743e+04  ,1.005140037470e-06  
  6.165950018615e+04  ,9.822043065922e-07  
  6.309573444802e+04  ,9.597920731165e-07  
  6.456542290346e+04  ,9.378914412845e-07  
  6.606934480076e+04  ,9.164907798806e-07  
  6.760829753920e+04  ,8.955787168463e-07  
  6.918309709189e+04  ,8.751441339563e-07  
  7.079457843841e+04  ,8.551761615884e-07  
  7.244359600750e+04  ,8.356641735500e-07  
  7.413102413009e+04  ,8.165977819939e-07  
  7.585775750292e+04  ,7.979668324014e-07  
  7.762471166287e+04  ,7.797613986545e-07  
  7.943282347243e+04  ,7.619717781798e-07  
  8.128305161641e+04  ,7.445884871752e-07  
  8.317637711027e+04  ,7.276022559217e-07  
  8.511380382024e+04  ,7.110040241728e-07  
  8.709635899561e+04  ,6.947849366217e-07  
  8.912509381337e+04  ,6.789363384586e-07  
  9.120108393559e+04  ,6.634497709994e-07  
  9.332543007970e+04  ,6.483169674037e-07  
  9.549925860214e+04  ,6.335298484696e-07  
  9.772372209558e+04  ,6.190805185050e-07  
  1.000000000000e+05  ,6.049612612859e-07  
