  Frequency            , RMS( NTOT(ONOISE))   
  1.000000000000e-07  ,2.480376914083e+00  
  1.023292992281e-07  ,2.452309271437e+00  
  1.047128548051e-07  ,2.424237919348e+00  
  1.071519305238e-07  ,2.396487897369e+00  
  1.096478196143e-07  ,2.369055527266e+00  
  1.122018454302e-07  ,2.341937172906e+00  
  1.148153621497e-07  ,2.315129239781e+00  
  1.174897554940e-07  ,2.288628174530e+00  
  1.202264434617e-07  ,2.262430464464e+00  
  1.230268770812e-07  ,2.236532637105e+00  
  1.258925411794e-07  ,2.210931259724e+00  
  1.288249551693e-07  ,2.185622938887e+00  
  1.318256738556e-07  ,2.160604320003e+00  
  1.348962882592e-07  ,2.135872086880e+00  
  1.380384264603e-07  ,2.111422961290e+00  
  1.412537544623e-07  ,2.087253702525e+00  
  1.445439770746e-07  ,2.063361106978e+00  
  1.479108388168e-07  ,2.039742007711e+00  
  1.513561248436e-07  ,2.016393274037e+00  
  1.548816618912e-07  ,1.993311811107e+00  
  1.584893192461e-07  ,1.970494559498e+00  
  1.621810097359e-07  ,1.947938494809e+00  
  1.659586907438e-07  ,1.925640627257e+00  
  1.698243652462e-07  ,1.903598001284e+00  
  1.737800828749e-07  ,1.881807695164e+00  
  1.778279410039e-07  ,1.860266820616e+00  
  1.819700858610e-07  ,1.838972522420e+00  
  1.862087136663e-07  ,1.817921978039e+00  
  1.905460717963e-07  ,1.797112397247e+00  
  1.949844599758e-07  ,1.776541021757e+00  
  1.995262314969e-07  ,1.756205124854e+00  
  2.041737944670e-07  ,1.736102011039e+00  
  2.089296130854e-07  ,1.716229015664e+00  
  2.137962089502e-07  ,1.696583504586e+00  
  2.187761623950e-07  ,1.677162873814e+00  
  2.238721138568e-07  ,1.657964549164e+00  
  2.290867652768e-07  ,1.638985985919e+00  
  2.344228815320e-07  ,1.620224668491e+00  
  2.398832919019e-07  ,1.601678110087e+00  
  2.454708915685e-07  ,1.583343852382e+00  
  2.511886431510e-07  ,1.565219465190e+00  
  2.570395782769e-07  ,1.547302546142e+00  
  2.630267991895e-07  ,1.529590720370e+00  
  2.691534803927e-07  ,1.512081640191e+00  
  2.754228703338e-07  ,1.494772984795e+00  
  2.818382931264e-07  ,1.477662459940e+00  
  2.884031503127e-07  ,1.460747797643e+00  
  2.951209226666e-07  ,1.444026755883e+00  
  3.019951720402e-07  ,1.427497118307e+00  
  3.090295432514e-07  ,1.411156693926e+00  
  3.162277660168e-07  ,1.395003316837e+00  
  3.235936569296e-07  ,1.379034845926e+00  
  3.311311214826e-07  ,1.363249164590e+00  
  3.388441561392e-07  ,1.347644180455e+00  
  3.467368504525e-07  ,1.332217825095e+00  
  3.548133892336e-07  ,1.316968053765e+00  
  3.630780547701e-07  ,1.301892845123e+00  
  3.715352290972e-07  ,1.286990200968e+00  
  3.801893963206e-07  ,1.272258145970e+00  
  3.890451449943e-07  ,1.257694727411e+00  
  3.981071705535e-07  ,1.243298014926e+00  
  4.073802778041e-07  ,1.229066100245e+00  
  4.168693834703e-07  ,1.214997096945e+00  
  4.265795188016e-07  ,1.201089140194e+00  
  4.365158322402e-07  ,1.187340386507e+00  
  4.466835921510e-07  ,1.173749013502e+00  
  4.570881896149e-07  ,1.160313219657e+00  
  4.677351412872e-07  ,1.147031224073e+00  
  4.786300923226e-07  ,1.133901266234e+00  
  4.897788193684e-07  ,1.120921605780e+00  
  5.011872336273e-07  ,1.108090522271e+00  
  5.128613839914e-07  ,1.095406314960e+00  
  5.248074602498e-07  ,1.082867302569e+00  
  5.370317963703e-07  ,1.070471823067e+00  
  5.495408738576e-07  ,1.058218233444e+00  
  5.623413251903e-07  ,1.046104909503e+00  
  5.754399373372e-07  ,1.034130245633e+00  
  5.888436553556e-07  ,1.022292654608e+00  
  6.025595860744e-07  ,1.010590567366e+00  
  6.165950018615e-07  ,9.990224328090e-01  
  6.309573444802e-07  ,9.875867175934e-01  
  6.456542290347e-07  ,9.762819059274e-01  
  6.606934480076e-07  ,9.651064993703e-01  
  6.760829753920e-07  ,9.540590166342e-01  
  6.918309709189e-07  ,9.431379933872e-01  
  7.079457843841e-07  ,9.323419820595e-01  
  7.244359600750e-07  ,9.216695516514e-01  
  7.413102413009e-07  ,9.111192875440e-01  
  7.585775750292e-07  ,9.006897913111e-01  
  7.762471166287e-07  ,8.903796805342e-01  
  7.943282347243e-07  ,8.801875886195e-01  
  8.128305161641e-07  ,8.701121646161e-01  
  8.317637711027e-07  ,8.601520730374e-01  
  8.511380382024e-07  ,8.503059936842e-01  
  8.709635899561e-07  ,8.405726214693e-01  
  8.912509381337e-07  ,8.309506662448e-01  
  9.120108393559e-07  ,8.214388526309e-01  
  9.332543007970e-07  ,8.120359198470e-01  
  9.549925860214e-07  ,8.027406215445e-01  
  9.772372209558e-07  ,7.935517256418e-01  
  1.000000000000e-06  ,7.844680141606e-01  
  1.023292992281e-06  ,7.754882830649e-01  
  1.047128548051e-06  ,7.666113421009e-01  
  1.071519305238e-06  ,7.578360146399e-01  
  1.096478196143e-06  ,7.491611375216e-01  
  1.122018454302e-06  ,7.405855609004e-01  
  1.148153621497e-06  ,7.321081480931e-01  
  1.174897554940e-06  ,7.237277754276e-01  
  1.202264434617e-06  ,7.154433320948e-01  
  1.230268770812e-06  ,7.072537200005e-01  
  1.258925411794e-06  ,6.991578536206e-01  
  1.288249551693e-06  ,6.911546598567e-01  
  1.318256738556e-06  ,6.832430778943e-01  
  1.348962882592e-06  ,6.754220590616e-01  
  1.380384264603e-06  ,6.676905666912e-01  
  1.412537544623e-06  ,6.600475759820e-01  
  1.445439770746e-06  ,6.524920738640e-01  
  1.479108388168e-06  ,6.450230588634e-01  
  1.513561248436e-06  ,6.376395409705e-01  
  1.548816618912e-06  ,6.303405415080e-01  
  1.584893192461e-06  ,6.231250930014e-01  
  1.621810097359e-06  ,6.159922390508e-01  
  1.659586907438e-06  ,6.089410342041e-01  
  1.698243652462e-06  ,6.019705438318e-01  
  1.737800828749e-06  ,5.950798440029e-01  
  1.778279410039e-06  ,5.882680213627e-01  
  1.819700858610e-06  ,5.815341730114e-01  
  1.862087136663e-06  ,5.748774063847e-01  
  1.905460717963e-06  ,5.682968391354e-01  
  1.949844599758e-06  ,5.617915990165e-01  
  1.995262314969e-06  ,5.553608237654e-01  
  2.041737944670e-06  ,5.490036609898e-01  
  2.089296130854e-06  ,5.427192680548e-01  
  2.137962089502e-06  ,5.365068119707e-01  
  2.187761623950e-06  ,5.303654692833e-01  
  2.238721138568e-06  ,5.242944259643e-01  
  2.290867652768e-06  ,5.182928773035e-01  
  2.344228815320e-06  ,5.123600278021e-01  
  2.398832919019e-06  ,5.064950910672e-01  
  2.454708915685e-06  ,5.006972897080e-01  
  2.511886431510e-06  ,4.949658552320e-01  
  2.570395782769e-06  ,4.893000279440e-01  
  2.630267991895e-06  ,4.836990568445e-01  
  2.691534803927e-06  ,4.781621995310e-01  
  2.754228703338e-06  ,4.726887220990e-01  
  2.818382931264e-06  ,4.672778990451e-01  
  2.884031503127e-06  ,4.619290131704e-01  
  2.951209226666e-06  ,4.566413554860e-01  
  3.019951720402e-06  ,4.514142251185e-01  
  3.090295432514e-06  ,4.462469292175e-01  
  3.162277660168e-06  ,4.411387828635e-01  
  3.235936569296e-06  ,4.360891089773e-01  
  3.311311214826e-06  ,4.310972382300e-01  
  3.388441561392e-06  ,4.261625089546e-01  
  3.467368504525e-06  ,4.212842670581e-01  
  3.548133892336e-06  ,4.164618659348e-01  
  3.630780547701e-06  ,4.116946663806e-01  
  3.715352290972e-06  ,4.069820365084e-01  
  3.801893963206e-06  ,4.023233516642e-01  
  3.890451449943e-06  ,3.977179943444e-01  
  3.981071705535e-06  ,3.931653541139e-01  
  4.073802778041e-06  ,3.886648275251e-01  
  4.168693834703e-06  ,3.842158180382e-01  
  4.265795188016e-06  ,3.798177359417e-01  
  4.365158322402e-06  ,3.754699982746e-01  
  4.466835921510e-06  ,3.711720287489e-01  
  4.570881896149e-06  ,3.669232576736e-01  
  4.677351412872e-06  ,3.627231218785e-01  
  4.786300923226e-06  ,3.585710646403e-01  
  4.897788193684e-06  ,3.544665356083e-01  
  5.011872336273e-06  ,3.504089907315e-01  
  5.128613839914e-06  ,3.463978921868e-01  
  5.248074602498e-06  ,3.424327083074e-01  
  5.370317963702e-06  ,3.385129135125e-01  
  5.495408738576e-06  ,3.346379882376e-01  
  5.623413251903e-06  ,3.308074188654e-01  
  5.754399373372e-06  ,3.270206976583e-01  
  5.888436553556e-06  ,3.232773226903e-01  
  6.025595860744e-06  ,3.195767977812e-01  
  6.165950018615e-06  ,3.159186324304e-01  
  6.309573444802e-06  ,3.123023417521e-01  
  6.456542290347e-06  ,3.087274464109e-01  
  6.606934480076e-06  ,3.051934725582e-01  
  6.760829753920e-06  ,3.016999517696e-01  
  6.918309709189e-06  ,2.982464209828e-01  
  7.079457843841e-06  ,2.948324224359e-01  
  7.244359600750e-06  ,2.914575036073e-01  
  7.413102413009e-06  ,2.881212171550e-01  
  7.585775750292e-06  ,2.848231208578e-01  
  7.762471166287e-06  ,2.815627775568e-01  
  7.943282347243e-06  ,2.783397550969e-01  
  8.128305161641e-06  ,2.751536262700e-01  
  8.317637711027e-06  ,2.720039687581e-01  
  8.511380382024e-06  ,2.688903650776e-01  
  8.709635899561e-06  ,2.658124025237e-01  
  8.912509381337e-06  ,2.627696731157e-01  
  9.120108393559e-06  ,2.597617735433e-01  
  9.332543007970e-06  ,2.567883051125e-01  
  9.549925860214e-06  ,2.538488736933e-01  
  9.772372209558e-06  ,2.509430896673e-01  
  1.000000000000e-05  ,2.480705678760e-01  
  1.023292992281e-05  ,2.452309275697e-01  
  1.047128548051e-05  ,2.424237923572e-01  
  1.071519305238e-05  ,2.396487901557e-01  
  1.096478196143e-05  ,2.369055531417e-01  
  1.122018454302e-05  ,2.341937177021e-01  
  1.148153621497e-05  ,2.315129243861e-01  
  1.174897554940e-05  ,2.288628178574e-01  
  1.202264434617e-05  ,2.262430468472e-01  
  1.230268770812e-05  ,2.236532641078e-01  
  1.258925411794e-05  ,2.210931263662e-01  
  1.288249551693e-05  ,2.185622942790e-01  
  1.318256738556e-05  ,2.160604323871e-01  
  1.348962882592e-05  ,2.135872090715e-01  
  1.380384264603e-05  ,2.111422965090e-01  
  1.412537544623e-05  ,2.087253706291e-01  
  1.445439770746e-05  ,2.063361110710e-01  
  1.479108388168e-05  ,2.039742011409e-01  
  1.513561248436e-05  ,2.016393277702e-01  
  1.548816618912e-05  ,1.993311814739e-01  
  1.584893192461e-05  ,1.970494563097e-01  
  1.621810097359e-05  ,1.947938498375e-01  
  1.659586907438e-05  ,1.925640630791e-01  
  1.698243652462e-05  ,1.903598004786e-01  
  1.737800828749e-05  ,1.881807698634e-01  
  1.778279410039e-05  ,1.860266824053e-01  
  1.819700858610e-05  ,1.838972525825e-01  
  1.862087136663e-05  ,1.817921981413e-01  
  1.905460717963e-05  ,1.797112400590e-01  
  1.949844599758e-05  ,1.776541025068e-01  
  1.995262314969e-05  ,1.756205128135e-01  
  2.041737944670e-05  ,1.736102014289e-01  
  2.089296130854e-05  ,1.716229018884e-01  
  2.137962089502e-05  ,1.696583507776e-01  
  2.187761623950e-05  ,1.677162876974e-01  
  2.238721138568e-05  ,1.657964552294e-01  
  2.290867652768e-05  ,1.638985989019e-01  
  2.344228815320e-05  ,1.620224671562e-01  
  2.398832919019e-05  ,1.601678113129e-01  
  2.454708915685e-05  ,1.583343855395e-01  
  2.511886431510e-05  ,1.565219468173e-01  
  2.570395782769e-05  ,1.547302549097e-01  
  2.630267991895e-05  ,1.529590723296e-01  
  2.691534803927e-05  ,1.512081643089e-01  
  2.754228703338e-05  ,1.494772987666e-01  
  2.818382931264e-05  ,1.477662462783e-01  
  2.884031503127e-05  ,1.460747800458e-01  
  2.951209226666e-05  ,1.444026758672e-01  
  3.019951720402e-05  ,1.427497121068e-01  
  3.090295432514e-05  ,1.411156696660e-01  
  3.162277660168e-05  ,1.395003319545e-01  
  3.235936569296e-05  ,1.379034848607e-01  
  3.311311214826e-05  ,1.363249167245e-01  
  3.388441561392e-05  ,1.347644183083e-01  
  3.467368504525e-05  ,1.332217827698e-01  
  3.548133892336e-05  ,1.316968056342e-01  
  3.630780547701e-05  ,1.301892847675e-01  
  3.715352290972e-05  ,1.286990203495e-01  
  3.801893963206e-05  ,1.272258148472e-01  
  3.890451449943e-05  ,1.257694729888e-01  
  3.981071705535e-05  ,1.243298017378e-01  
  4.073802778041e-05  ,1.229066102673e-01  
  4.168693834703e-05  ,1.214997099348e-01  
  4.265795188016e-05  ,1.201089142573e-01  
  4.365158322402e-05  ,1.187340388862e-01  
  4.466835921510e-05  ,1.173749015833e-01  
  4.570881896149e-05  ,1.160313221965e-01  
  4.677351412872e-05  ,1.147031226357e-01  
  4.786300923226e-05  ,1.133901268496e-01  
  4.897788193684e-05  ,1.120921608019e-01  
  5.011872336273e-05  ,1.108090524487e-01  
  5.128613839914e-05  ,1.095406317154e-01  
  5.248074602498e-05  ,1.082867304741e-01  
  5.370317963702e-05  ,1.070471825216e-01  
  5.495408738576e-05  ,1.058218235572e-01  
  5.623413251903e-05  ,1.046104911608e-01  
  5.754399373372e-05  ,1.034130247717e-01  
  5.888436553556e-05  ,1.022292656670e-01  
  6.025595860744e-05  ,1.010590569407e-01  
  6.165950018615e-05  ,9.990224348297e-02  
  6.309573444802e-05  ,9.875867195933e-02  
  6.456542290346e-05  ,9.762819079066e-02  
  6.606934480076e-05  ,9.651065013291e-02  
  6.760829753920e-05  ,9.540590185728e-02  
  6.918309709189e-05  ,9.431379953057e-02  
  7.079457843841e-05  ,9.323419839581e-02  
  7.244359600750e-05  ,9.216695535304e-02  
  7.413102413009e-05  ,9.111192894034e-02  
  7.585775750292e-05  ,9.006897931511e-02  
  7.762471166287e-05  ,8.903796823551e-02  
  7.943282347243e-05  ,8.801875904214e-02  
  8.128305161641e-05  ,8.701121663991e-02  
  8.317637711027e-05  ,8.601520748018e-02  
  8.511380382024e-05  ,8.503059954301e-02  
  8.709635899561e-05  ,8.405726231969e-02  
  8.912509381337e-05  ,8.309506679543e-02  
  9.120108393559e-05  ,8.214388543223e-02  
  9.332543007970e-05  ,8.120359215206e-02  
  9.549925860214e-05  ,8.027406232005e-02  
  9.772372209558e-05  ,7.935517272803e-02  
  1.000000000000e-04  ,7.844680157818e-02  
  1.023292992281e-04  ,7.754882846690e-02  
  1.047128548051e-04  ,7.666113436880e-02  
  1.071519305238e-04  ,7.578360162101e-02  
  1.096478196143e-04  ,7.491611390752e-02  
  1.122018454302e-04  ,7.405855624375e-02  
  1.148153621497e-04  ,7.321081496138e-02  
  1.174897554940e-04  ,7.237277769322e-02  
  1.202264434617e-04  ,7.154433335832e-02  
  1.230268770812e-04  ,7.072537214731e-02  
  1.258925411794e-04  ,6.991578550775e-02  
  1.288249551693e-04  ,6.911546612980e-02  
  1.318256738556e-04  ,6.832430793202e-02  
  1.348962882592e-04  ,6.754220604722e-02  
  1.380384264603e-04  ,6.676905680867e-02  
  1.412537544623e-04  ,6.600475773625e-02  
  1.445439770746e-04  ,6.524920752296e-02  
  1.479108388168e-04  ,6.450230602144e-02  
  1.513561248436e-04  ,6.376395423069e-02  
  1.548816618912e-04  ,6.303405428300e-02  
  1.584893192461e-04  ,6.231250943091e-02  
  1.621810097359e-04  ,6.159922403444e-02  
  1.659586907438e-04  ,6.089410354837e-02  
  1.698243652462e-04  ,6.019705450976e-02  
  1.737800828749e-04  ,5.950798452550e-02  
  1.778279410039e-04  ,5.882680226012e-02  
  1.819700858610e-04  ,5.815341742365e-02  
  1.862087136663e-04  ,5.748774075965e-02  
  1.905460717963e-04  ,5.682968403341e-02  
  1.949844599758e-04  ,5.617916002021e-02  
  1.995262314969e-04  ,5.553608249381e-02  
  2.041737944670e-04  ,5.490036621498e-02  
  2.089296130854e-04  ,5.427192692021e-02  
  2.137962089502e-04  ,5.365068131055e-02  
  2.187761623950e-04  ,5.303654704058e-02  
  2.238721138568e-04  ,5.242944270745e-02  
  2.290867652768e-04  ,5.182928784015e-02  
  2.344228815320e-04  ,5.123600288881e-02  
  2.398832919019e-04  ,5.064950921413e-02  
  2.454708915685e-04  ,5.006972907703e-02  
  2.511886431510e-04  ,4.949658562827e-02  
  2.570395782769e-04  ,4.893000289832e-02  
  2.630267991895e-04  ,4.836990578723e-02  
  2.691534803927e-04  ,4.781622005475e-02  
  2.754228703338e-04  ,4.726887231044e-02  
  2.818382931264e-04  ,4.672779000394e-02  
  2.884031503127e-04  ,4.619290141537e-02  
  2.951209226666e-04  ,4.566413564585e-02  
  3.019951720402e-04  ,4.514142260803e-02  
  3.090295432514e-04  ,4.462469301687e-02  
  3.162277660168e-04  ,4.411387838042e-02  
  3.235936569296e-04  ,4.360891099076e-02  
  3.311311214826e-04  ,4.310972391501e-02  
  3.388441561392e-04  ,4.261625098645e-02  
  3.467368504525e-04  ,4.212842679579e-02  
  3.548133892336e-04  ,4.164618668246e-02  
  3.630780547701e-04  ,4.116946672606e-02  
  3.715352290972e-04  ,4.069820373786e-02  
  3.801893963206e-04  ,4.023233525248e-02  
  3.890451449943e-04  ,3.977179951955e-02  
  3.981071705535e-04  ,3.931653549556e-02  
  4.073802778041e-04  ,3.886648283575e-02  
  4.168693834703e-04  ,3.842158188613e-02  
  4.265795188016e-04  ,3.798177367556e-02  
  4.365158322402e-04  ,3.754699990794e-02  
  4.466835921510e-04  ,3.711720295449e-02  
  4.570881896149e-04  ,3.669232584607e-02  
  4.677351412872e-04  ,3.627231226569e-02  
  4.786300923226e-04  ,3.585710654100e-02  
  4.897788193684e-04  ,3.544665363693e-02  
  5.011872336273e-04  ,3.504089914841e-02  
  5.128613839914e-04  ,3.463978929310e-02  
  5.248074602498e-04  ,3.424327090433e-02  
  5.370317963702e-04  ,3.385129142402e-02  
  5.495408738576e-04  ,3.346379889571e-02  
  5.623413251903e-04  ,3.308074195769e-02  
  5.754399373371e-04  ,3.270206983618e-02  
  5.888436553556e-04  ,3.232773233860e-02  
  6.025595860744e-04  ,3.195767984691e-02  
  6.165950018615e-04  ,3.159186331106e-02  
  6.309573444802e-04  ,3.123023424247e-02  
  6.456542290346e-04  ,3.087274470759e-02  
  6.606934480076e-04  ,3.051934732158e-02  
  6.760829753920e-04  ,3.016999524199e-02  
  6.918309709189e-04  ,2.982464216258e-02  
  7.079457843841e-04  ,2.948324230717e-02  
  7.244359600750e-04  ,2.914575042359e-02  
  7.413102413009e-04  ,2.881212177766e-02  
  7.585775750292e-04  ,2.848231214725e-02  
  7.762471166287e-04  ,2.815627781645e-02  
  7.943282347243e-04  ,2.783397556978e-02  
  8.128305161641e-04  ,2.751536268641e-02  
  8.317637711027e-04  ,2.720039693456e-02  
  8.511380382024e-04  ,2.688903656585e-02  
  8.709635899561e-04  ,2.658124030980e-02  
  8.912509381337e-04  ,2.627696736836e-02  
  9.120108393559e-04  ,2.597617741047e-02  
  9.332543007970e-04  ,2.567883056676e-02  
  9.549925860214e-04  ,2.538488742422e-02  
  9.772372209558e-04  ,2.509430902101e-02  
  1.000000000000e-03  ,2.480705684126e-02  
  1.023292992281e-03  ,2.452309281003e-02  
  1.047128548051e-03  ,2.424237928818e-02  
  1.071519305238e-03  ,2.396487906744e-02  
  1.096478196143e-03  ,2.369055536545e-02  
  1.122018454302e-03  ,2.341937182092e-02  
  1.148153621497e-03  ,2.315129248874e-02  
  1.174897554940e-03  ,2.288628183530e-02  
  1.202264434617e-03  ,2.262430473373e-02  
  1.230268770812e-03  ,2.236532645923e-02  
  1.258925411794e-03  ,2.210931268453e-02  
  1.288249551693e-03  ,2.185622947527e-02  
  1.318256738556e-03  ,2.160604328554e-02  
  1.348962882592e-03  ,2.135872095345e-02  
  1.380384264603e-03  ,2.111422969667e-02  
  1.412537544623e-03  ,2.087253710817e-02  
  1.445439770746e-03  ,2.063361115185e-02  
  1.479108388168e-03  ,2.039742015833e-02  
  1.513561248436e-03  ,2.016393282076e-02  
  1.548816618912e-03  ,1.993311819063e-02  
  1.584893192461e-03  ,1.970494567373e-02  
  1.621810097359e-03  ,1.947938502602e-02  
  1.659586907438e-03  ,1.925640634970e-02  
  1.698243652462e-03  ,1.903598008917e-02  
  1.737800828749e-03  ,1.881807702719e-02  
  1.778279410039e-03  ,1.860266828092e-02  
  1.819700858610e-03  ,1.838972529818e-02  
  1.862087136663e-03  ,1.817921985361e-02  
  1.905460717963e-03  ,1.797112404493e-02  
  1.949844599758e-03  ,1.776541028927e-02  
  1.995262314969e-03  ,1.756205131950e-02  
  2.041737944670e-03  ,1.736102018061e-02  
  2.089296130854e-03  ,1.716229022613e-02  
  2.137962089502e-03  ,1.696583511462e-02  
  2.187761623950e-03  ,1.677162880618e-02  
  2.238721138568e-03  ,1.657964555897e-02  
  2.290867652768e-03  ,1.638985992582e-02  
  2.344228815320e-03  ,1.620224675084e-02  
  2.398832919019e-03  ,1.601678116611e-02  
  2.454708915685e-03  ,1.583343858837e-02  
  2.511886431510e-03  ,1.565219471577e-02  
  2.570395782769e-03  ,1.547302552461e-02  
  2.630267991895e-03  ,1.529590726623e-02  
  2.691534803927e-03  ,1.512081646378e-02  
  2.754228703338e-03  ,1.494772990918e-02  
  2.818382931264e-03  ,1.477662465997e-02  
  2.884031503127e-03  ,1.460747803636e-02  
  2.951209226666e-03  ,1.444026761813e-02  
  3.019951720402e-03  ,1.427497124174e-02  
  3.090295432514e-03  ,1.411156699731e-02  
  3.162277660168e-03  ,1.395003322580e-02  
  3.235936569296e-03  ,1.379034851609e-02  
  3.311311214826e-03  ,1.363249170212e-02  
  3.388441561392e-03  ,1.347644186017e-02  
  3.467368504525e-03  ,1.332217830598e-02  
  3.548133892336e-03  ,1.316968059209e-02  
  3.630780547701e-03  ,1.301892850510e-02  
  3.715352290972e-03  ,1.286990206297e-02  
  3.801893963206e-03  ,1.272258151242e-02  
  3.890451449943e-03  ,1.257694732627e-02  
  3.981071705535e-03  ,1.243298020085e-02  
  4.073802778041e-03  ,1.229066105350e-02  
  4.168693834703e-03  ,1.214997101995e-02  
  4.265795188016e-03  ,1.201089145189e-02  
  4.365158322402e-03  ,1.187340391448e-02  
  4.466835921510e-03  ,1.173749018390e-02  
  4.570881896149e-03  ,1.160313224493e-02  
  4.677351412872e-03  ,1.147031228856e-02  
  4.786300923226e-03  ,1.133901270967e-02  
  4.897788193684e-03  ,1.120921610462e-02  
  5.011872336273e-03  ,1.108090526902e-02  
  5.128613839914e-03  ,1.095406319541e-02  
  5.248074602498e-03  ,1.082867307101e-02  
  5.370317963702e-03  ,1.070471827549e-02  
  5.495408738576e-03  ,1.058218237878e-02  
  5.623413251903e-03  ,1.046104913888e-02  
  5.754399373371e-03  ,1.034130249971e-02  
  5.888436553556e-03  ,1.022292658899e-02  
  6.025595860743e-03  ,1.010590571610e-02  
  6.165950018615e-03  ,9.990224370075e-03  
  6.309573444802e-03  ,9.875867217462e-03  
  6.456542290346e-03  ,9.762819100350e-03  
  6.606934480076e-03  ,9.651065034332e-03  
  6.760829753920e-03  ,9.540590206529e-03  
  6.918309709189e-03  ,9.431379973621e-03  
  7.079457843841e-03  ,9.323419859910e-03  
  7.244359600750e-03  ,9.216695555401e-03  
  7.413102413009e-03  ,9.111192913902e-03  
  7.585775750292e-03  ,9.006897951152e-03  
  7.762471166287e-03  ,8.903796842968e-03  
  7.943282347243e-03  ,8.801875923409e-03  
  8.128305161641e-03  ,8.701121682967e-03  
  8.317637711027e-03  ,8.601520766778e-03  
  8.511380382024e-03  ,8.503059972847e-03  
  8.709635899561e-03  ,8.405726250303e-03  
  8.912509381337e-03  ,8.309506697667e-03  
  9.120108393559e-03  ,8.214388561141e-03  
  9.332543007970e-03  ,8.120359232919e-03  
  9.549925860214e-03  ,8.027406249516e-03  
  9.772372209558e-03  ,7.935517290114e-03  
  1.000000000000e-02  ,7.844680174932e-03  
  1.023292992281e-02  ,7.754882863608e-03  
  1.047128548051e-02  ,7.666113453605e-03  
  1.071519305238e-02  ,7.578360178635e-03  
  1.096478196143e-02  ,7.491611407097e-03  
  1.122018454302e-02  ,7.405855640534e-03  
  1.148153621497e-02  ,7.321081512112e-03  
  1.174897554940e-02  ,7.237277785113e-03  
  1.202264434617e-02  ,7.154433351444e-03  
  1.230268770812e-02  ,7.072537230164e-03  
  1.258925411794e-02  ,6.991578566031e-03  
  1.288249551693e-02  ,6.911546628063e-03  
  1.318256738556e-02  ,6.832430808112e-03  
  1.348962882592e-02  ,6.754220619462e-03  
  1.380384264603e-02  ,6.676905695438e-03  
  1.412537544623e-02  ,6.600475788030e-03  
  1.445439770746e-02  ,6.524920766536e-03  
  1.479108388168e-02  ,6.450230616221e-03  
  1.513561248436e-02  ,6.376395436986e-03  
  1.548816618912e-02  ,6.303405442058e-03  
  1.584893192461e-02  ,6.231250956692e-03  
  1.621810097359e-02  ,6.159922416889e-03  
  1.659586907438e-02  ,6.089410368129e-03  
  1.698243652462e-02  ,6.019705464115e-03  
  1.737800828749e-02  ,5.950798465540e-03  
  1.778279410039e-02  ,5.882680238853e-03  
  1.819700858610e-02  ,5.815341755059e-03  
  1.862087136663e-02  ,5.748774088514e-03  
  1.905460717963e-02  ,5.682968415746e-03  
  1.949844599758e-02  ,5.617916014285e-03  
  1.995262314969e-02  ,5.553608261505e-03  
  2.041737944669e-02  ,5.490036633483e-03  
  2.089296130854e-02  ,5.427192703869e-03  
  2.137962089502e-02  ,5.365068142768e-03  
  2.187761623950e-02  ,5.303654715636e-03  
  2.238721138568e-02  ,5.242944282191e-03  
  2.290867652768e-02  ,5.182928795331e-03  
  2.344228815320e-02  ,5.123600300067e-03  
  2.398832919019e-02  ,5.064950932472e-03  
  2.454708915685e-02  ,5.006972918635e-03  
  2.511886431510e-02  ,4.949658573634e-03  
  2.570395782769e-02  ,4.893000300515e-03  
  2.630267991895e-02  ,4.836990589284e-03  
  2.691534803927e-02  ,4.781622015916e-03  
  2.754228703338e-02  ,4.726887241365e-03  
  2.818382931264e-02  ,4.672779010597e-03  
  2.884031503127e-02  ,4.619290151624e-03  
  2.951209226666e-02  ,4.566413574556e-03  
  3.019951720402e-02  ,4.514142270660e-03  
  3.090295432514e-02  ,4.462469311431e-03  
  3.162277660168e-02  ,4.411387847675e-03  
  3.235936569296e-02  ,4.360891108599e-03  
  3.311311214826e-02  ,4.310972400915e-03  
  3.388441561392e-02  ,4.261625107951e-03  
  3.467368504525e-02  ,4.212842688779e-03  
  3.548133892336e-02  ,4.164618677341e-03  
  3.630780547701e-02  ,4.116946681596e-03  
  3.715352290972e-02  ,4.069820382674e-03  
  3.801893963206e-02  ,4.023233534034e-03  
  3.890451449943e-02  ,3.977179960641e-03  
  3.981071705535e-02  ,3.931653558142e-03  
  4.073802778041e-02  ,3.886648292063e-03  
  4.168693834703e-02  ,3.842158197004e-03  
  4.265795188016e-02  ,3.798177375851e-03  
  4.365158322402e-02  ,3.754699998994e-03  
  4.466835921510e-02  ,3.711720303555e-03  
  4.570881896149e-02  ,3.669232592620e-03  
  4.677351412872e-02  ,3.627231234490e-03  
  4.786300923226e-02  ,3.585710661931e-03  
  4.897788193684e-02  ,3.544665371435e-03  
  5.011872336273e-02  ,3.504089922494e-03  
  5.128613839914e-02  ,3.463978936875e-03  
  5.248074602498e-02  ,3.424327097912e-03  
  5.370317963702e-02  ,3.385129149795e-03  
  5.495408738576e-02  ,3.346379896880e-03  
  5.623413251903e-02  ,3.308074202995e-03  
  5.754399373371e-02  ,3.270206990761e-03  
  5.888436553556e-02  ,3.232773240921e-03  
  6.025595860743e-02  ,3.195767991671e-03  
  6.165950018615e-02  ,3.159186338007e-03  
  6.309573444802e-02  ,3.123023431069e-03  
  6.456542290346e-02  ,3.087274477503e-03  
  6.606934480076e-02  ,3.051934738824e-03  
  6.760829753920e-02  ,3.016999530789e-03  
  6.918309709189e-02  ,2.982464222772e-03  
  7.079457843841e-02  ,2.948324237157e-03  
  7.244359600750e-02  ,2.914575048726e-03  
  7.413102413009e-02  ,2.881212184059e-03  
  7.585775750292e-02  ,2.848231220946e-03  
  7.762471166287e-02  ,2.815627787796e-03  
  7.943282347243e-02  ,2.783397563058e-03  
  8.128305161641e-02  ,2.751536274651e-03  
  8.317637711027e-02  ,2.720039699397e-03  
  8.511380382024e-02  ,2.688903662458e-03  
  8.709635899561e-02  ,2.658124036787e-03  
  8.912509381337e-02  ,2.627696742576e-03  
  9.120108393559e-02  ,2.597617746722e-03  
  9.332543007970e-02  ,2.567883062286e-03  
  9.549925860214e-02  ,2.538488747967e-03  
  9.772372209558e-02  ,2.509430907582e-03  
  1.000000000000e-01  ,2.480705689546e-03  
  1.023292992281e-01  ,2.452309286360e-03  
  1.047128548051e-01  ,2.424237934114e-03  
  1.071519305238e-01  ,2.396487911979e-03  
  1.096478196143e-01  ,2.369055541721e-03  
  1.122018454302e-01  ,2.341937187208e-03  
  1.148153621497e-01  ,2.315129253932e-03  
  1.174897554940e-01  ,2.288628188530e-03  
  1.202264434617e-01  ,2.262430478315e-03  
  1.230268770812e-01  ,2.236532650809e-03  
  1.258925411794e-01  ,2.210931273283e-03  
  1.288249551693e-01  ,2.185622952301e-03  
  1.318256738556e-01  ,2.160604333274e-03  
  1.348962882592e-01  ,2.135872100011e-03  
  1.380384264603e-01  ,2.111422974280e-03  
  1.412537544623e-01  ,2.087253715377e-03  
  1.445439770746e-01  ,2.063361119693e-03  
  1.479108388168e-01  ,2.039742020290e-03  
  1.513561248436e-01  ,2.016393286481e-03  
  1.548816618912e-01  ,1.993311823418e-03  
  1.584893192461e-01  ,1.970494571678e-03  
  1.621810097359e-01  ,1.947938506858e-03  
  1.659586907438e-01  ,1.925640639177e-03  
  1.698243652462e-01  ,1.903598013077e-03  
  1.737800828749e-01  ,1.881807706830e-03  
  1.778279410039e-01  ,1.860266832157e-03  
  1.819700858610e-01  ,1.838972533836e-03  
  1.862087136663e-01  ,1.817921989333e-03  
  1.905460717963e-01  ,1.797112408419e-03  
  1.949844599758e-01  ,1.776541032809e-03  
  1.995262314969e-01  ,1.756205135787e-03  
  2.041737944669e-01  ,1.736102021854e-03  
  2.089296130854e-01  ,1.716229026363e-03  
  2.137962089502e-01  ,1.696583515170e-03  
  2.187761623950e-01  ,1.677162884283e-03  
  2.238721138568e-01  ,1.657964559520e-03  
  2.290867652768e-01  ,1.638985996163e-03  
  2.344228815320e-01  ,1.620224678624e-03  
  2.398832919019e-01  ,1.601678120111e-03  
  2.454708915685e-01  ,1.583343862297e-03  
  2.511886431510e-01  ,1.565219474997e-03  
  2.570395782769e-01  ,1.547302555843e-03  
  2.630267991895e-01  ,1.529590729965e-03  
  2.691534803927e-01  ,1.512081649682e-03  
  2.754228703338e-01  ,1.494772994184e-03  
  2.818382931264e-01  ,1.477662469226e-03  
  2.884031503127e-01  ,1.460747806828e-03  
  2.951209226666e-01  ,1.444026764969e-03  
  3.019951720402e-01  ,1.427497127293e-03  
  3.090295432514e-01  ,1.411156702815e-03  
  3.162277660168e-01  ,1.395003325629e-03  
  3.235936569296e-01  ,1.379034854622e-03  
  3.311311214826e-01  ,1.363249173192e-03  
  3.388441561392e-01  ,1.347644188962e-03  
  3.467368504525e-01  ,1.332217833509e-03  
  3.548133892336e-01  ,1.316968062087e-03  
  3.630780547701e-01  ,1.301892853355e-03  
  3.715352290972e-01  ,1.286990209110e-03  
  3.801893963206e-01  ,1.272258154022e-03  
  3.890451449943e-01  ,1.257694735375e-03  
  3.981071705535e-01  ,1.243298022802e-03  
  4.073802778041e-01  ,1.229066108036e-03  
  4.168693834703e-01  ,1.214997104650e-03  
  4.265795188016e-01  ,1.201089147814e-03  
  4.365158322402e-01  ,1.187340394043e-03  
  4.466835921510e-01  ,1.173749020956e-03  
  4.570881896149e-01  ,1.160313227029e-03  
  4.677351412872e-01  ,1.147031231363e-03  
  4.786300923226e-01  ,1.133901273445e-03  
  4.897788193684e-01  ,1.120921612912e-03  
  5.011872336273e-01  ,1.108090529324e-03  
  5.128613839914e-01  ,1.095406321935e-03  
  5.248074602498e-01  ,1.082867309468e-03  
  5.370317963702e-01  ,1.070471829889e-03  
  5.495408738576e-01  ,1.058218240191e-03  
  5.623413251903e-01  ,1.046104916175e-03  
  5.754399373371e-01  ,1.034130252232e-03  
  5.888436553556e-01  ,1.022292661133e-03  
  6.025595860743e-01  ,1.010590573820e-03  
  6.165950018615e-01  ,9.990224391913e-04  
  6.309573444802e-01  ,9.875867239051e-04  
  6.456542290346e-01  ,9.762819121692e-04  
  6.606934480076e-01  ,9.651065055431e-04  
  6.760829753920e-01  ,9.540590227386e-04  
  6.918309709189e-01  ,9.431379994240e-04  
  7.079457843841e-01  ,9.323419880293e-04  
  7.244359600750e-01  ,9.216695575551e-04  
  7.413102413009e-01  ,9.111192933822e-04  
  7.585775750292e-01  ,9.006897970844e-04  
  7.762471166287e-01  ,8.903796862435e-04  
  7.943282347243e-01  ,8.801875942654e-04  
  8.128305161641e-01  ,8.701121701992e-04  
  8.317637711027e-01  ,8.601520785585e-04  
  8.511380382024e-01  ,8.503059991439e-04  
  8.709635899561e-01  ,8.405726268683e-04  
  8.912509381337e-01  ,8.309506715837e-04  
  9.120108393559e-01  ,8.214388579103e-04  
  9.332543007970e-01  ,8.120359250676e-04  
  9.549925860214e-01  ,8.027406267070e-04  
  9.772372209558e-01  ,7.935517307468e-04  
  1.000000000000e+00  ,7.844680192087e-04  
  1.023292992281e+00  ,7.754882880567e-04  
  1.047128548051e+00  ,7.666113470371e-04  
  1.071519305238e+00  ,7.578360195209e-04  
  1.096478196143e+00  ,7.491611423481e-04  
  1.122018454302e+00  ,7.405855656731e-04  
  1.148153621497e+00  ,7.321081528125e-04  
  1.174897554940e+00  ,7.237277800943e-04  
  1.202264434617e+00  ,7.154433367092e-04  
  1.230268770812e+00  ,7.072537245634e-04  
  1.258925411794e+00  ,6.991578581325e-04  
  1.288249551693e+00  ,6.911546643181e-04  
  1.318256738556e+00  ,6.832430823058e-04  
  1.348962882592e+00  ,6.754220634238e-04  
  1.380384264603e+00  ,6.676905710045e-04  
  1.412537544623e+00  ,6.600475802470e-04  
  1.445439770746e+00  ,6.524920780811e-04  
  1.479108388168e+00  ,6.450230630333e-04  
  1.513561248436e+00  ,6.376395450937e-04  
  1.548816618912e+00  ,6.303405455850e-04  
  1.584893192461e+00  ,6.231250970326e-04  
  1.621810097359e+00  ,6.159922430368e-04  
  1.659586907438e+00  ,6.089410381454e-04  
  1.698243652462e+00  ,6.019705477288e-04  
  1.737800828749e+00  ,5.950798478562e-04  
  1.778279410039e+00  ,5.882680251727e-04  
  1.819700858610e+00  ,5.815341767786e-04  
  1.862087136663e+00  ,5.748774101096e-04  
  1.905460717963e+00  ,5.682968428185e-04  
  1.949844599758e+00  ,5.617916026582e-04  
  1.995262314969e+00  ,5.553608273661e-04  
  2.041737944669e+00  ,5.490036645501e-04  
  2.089296130854e+00  ,5.427192715749e-04  
  2.137962089502e+00  ,5.365068154513e-04  
  2.187761623949e+00  ,5.303654727247e-04  
  2.238721138568e+00  ,5.242944293670e-04  
  2.290867652768e+00  ,5.182928806679e-04  
  2.344228815320e+00  ,5.123600311285e-04  
  2.398832919019e+00  ,5.064950943562e-04  
  2.454708915685e+00  ,5.006972929599e-04  
  2.511886431510e+00  ,4.949658584473e-04  
  2.570395782769e+00  ,4.893000311230e-04  
  2.630267991895e+00  ,4.836990599878e-04  
  2.691534803927e+00  ,4.781622026388e-04  
  2.754228703338e+00  ,4.726887251718e-04  
  2.818382931264e+00  ,4.672779020832e-04  
  2.884031503127e+00  ,4.619290161742e-04  
  2.951209226666e+00  ,4.566413584559e-04  
  3.019951720402e+00  ,4.514142280549e-04  
  3.090295432514e+00  ,4.462469321208e-04  
  3.162277660168e+00  ,4.411387857341e-04  
  3.235936569296e+00  ,4.360891118154e-04  
  3.311311214826e+00  ,4.310972410361e-04  
  3.388441561392e+00  ,4.261625117290e-04  
  3.467368504525e+00  ,4.212842698012e-04  
  3.548133892336e+00  ,4.164618686468e-04  
  3.630780547701e+00  ,4.116946690620e-04  
  3.715352290972e+00  ,4.069820391595e-04  
  3.801893963206e+00  ,4.023233542854e-04  
  3.890451449943e+00  ,3.977179969360e-04  
  3.981071705535e+00  ,3.931653566761e-04  
  4.073802778041e+00  ,3.886648300584e-04  
  4.168693834703e+00  ,3.842158205428e-04  
  4.265795188016e+00  ,3.798177384180e-04  
  4.365158322402e+00  ,3.754700007228e-04  
  4.466835921510e+00  ,3.711720311695e-04  
  4.570881896149e+00  ,3.669232600668e-04  
  4.677351412872e+00  ,3.627231242447e-04  
  4.786300923226e+00  ,3.585710669797e-04  
  4.897788193684e+00  ,3.544665379211e-04  
  5.011872336273e+00  ,3.504089930181e-04  
  5.128613839914e+00  ,3.463978944475e-04  
  5.248074602498e+00  ,3.424327105426e-04  
  5.370317963702e+00  ,3.385129157224e-04  
  5.495408738576e+00  ,3.346379904224e-04  
  5.623413251903e+00  ,3.308074210255e-04  
  5.754399373371e+00  ,3.270206997939e-04  
  5.888436553556e+00  ,3.232773248017e-04  
  6.025595860743e+00  ,3.195767998687e-04  
  6.165950018615e+00  ,3.159186344943e-04  
  6.309573444802e+00  ,3.123023437926e-04  
  6.456542290346e+00  ,3.087274484282e-04  
  6.606934480076e+00  ,3.051934745527e-04  
  6.760829753920e+00  ,3.016999537415e-04  
  6.918309709189e+00  ,2.982464229323e-04  
  7.079457843841e+00  ,2.948324243634e-04  
  7.244359600750e+00  ,2.914575055129e-04  
  7.413102413009e+00  ,2.881212190390e-04  
  7.585775750292e+00  ,2.848231227205e-04  
  7.762471166287e+00  ,2.815627793983e-04  
  7.943282347243e+00  ,2.783397569175e-04  
  8.128305161641e+00  ,2.751536280700e-04  
  8.317637711026e+00  ,2.720039705377e-04  
  8.511380382024e+00  ,2.688903668370e-04  
  8.709635899561e+00  ,2.658124042631e-04  
  8.912509381337e+00  ,2.627696748355e-04  
  9.120108393559e+00  ,2.597617752435e-04  
  9.332543007970e+00  ,2.567883067934e-04  
  9.549925860214e+00  ,2.538488753552e-04  
  9.772372209558e+00  ,2.509430913104e-04  
  1.000000000000e+01  ,2.480705695004e-04  
  1.023292992281e+01  ,2.452309291757e-04  
  1.047128548051e+01  ,2.424237939450e-04  
  1.071519305238e+01  ,2.396487917255e-04  
  1.096478196143e+01  ,2.369055546937e-04  
  1.122018454302e+01  ,2.341937192365e-04  
  1.148153621497e+01  ,2.315129259030e-04  
  1.174897554939e+01  ,2.288628193571e-04  
  1.202264434617e+01  ,2.262430483299e-04  
  1.230268770812e+01  ,2.236532655737e-04  
  1.258925411794e+01  ,2.210931278155e-04  
  1.288249551693e+01  ,2.185622957118e-04  
  1.318256738556e+01  ,2.160604338037e-04  
  1.348962882592e+01  ,2.135872104720e-04  
  1.380384264603e+01  ,2.111422978936e-04  
  1.412537544623e+01  ,2.087253719981e-04  
  1.445439770746e+01  ,2.063361124244e-04  
  1.479108388168e+01  ,2.039742024790e-04  
  1.513561248436e+01  ,2.016393290930e-04  
  1.548816618912e+01  ,1.993311827817e-04  
  1.584893192461e+01  ,1.970494576027e-04  
  1.621810097359e+01  ,1.947938511159e-04  
  1.659586907438e+01  ,1.925640643429e-04  
  1.698243652462e+01  ,1.903598017281e-04  
  1.737800828749e+01  ,1.881807710987e-04  
  1.778279410039e+01  ,1.860266836267e-04  
  1.819700858610e+01  ,1.838972537900e-04  
  1.862087136663e+01  ,1.817921993351e-04  
  1.905460717963e+01  ,1.797112412393e-04  
  1.949844599758e+01  ,1.776541036738e-04  
  1.995262314969e+01  ,1.756205139672e-04  
  2.041737944669e+01  ,1.736102025695e-04  
  2.089296130854e+01  ,1.716229030161e-04  
  2.137962089502e+01  ,1.696583518925e-04  
  2.187761623949e+01  ,1.677162887997e-04  
  2.238721138568e+01  ,1.657964563192e-04  
  2.290867652768e+01  ,1.638985999794e-04  
  2.344228815320e+01  ,1.620224682214e-04  
  2.398832919019e+01  ,1.601678123661e-04  
  2.454708915685e+01  ,1.583343865808e-04  
  2.511886431510e+01  ,1.565219478468e-04  
  2.570395782769e+01  ,1.547302559275e-04  
  2.630267991895e+01  ,1.529590733360e-04  
  2.691534803927e+01  ,1.512081653039e-04  
  2.754228703338e+01  ,1.494772997503e-04  
  2.818382931264e+01  ,1.477662472508e-04  
  2.884031503127e+01  ,1.460747810074e-04  
  2.951209226666e+01  ,1.444026768179e-04  
  3.019951720402e+01  ,1.427497130467e-04  
  3.090295432514e+01  ,1.411156705954e-04  
  3.162277660168e+01  ,1.395003328733e-04  
  3.235936569296e+01  ,1.379034857692e-04  
  3.311311214826e+01  ,1.363249176227e-04  
  3.388441561392e+01  ,1.347644191964e-04  
  3.467368504525e+01  ,1.332217836478e-04  
  3.548133892336e+01  ,1.316968065023e-04  
  3.630780547701e+01  ,1.301892856258e-04  
  3.715352290972e+01  ,1.286990211981e-04  
  3.801893963206e+01  ,1.272258156862e-04  
  3.890451449943e+01  ,1.257694738184e-04  
  3.981071705535e+01  ,1.243298025580e-04  
  4.073802778041e+01  ,1.229066110783e-04  
  4.168693834703e+01  ,1.214997107367e-04  
  4.265795188016e+01  ,1.201089150501e-04  
  4.365158322402e+01  ,1.187340396701e-04  
  4.466835921510e+01  ,1.173749023584e-04  
  4.570881896149e+01  ,1.160313229629e-04  
  4.677351412872e+01  ,1.147031233935e-04  
  4.786300923226e+01  ,1.133901275988e-04  
  4.897788193684e+01  ,1.120921615427e-04  
  5.011872336273e+01  ,1.108090531812e-04  
  5.128613839914e+01  ,1.095406324396e-04  
  5.248074602498e+01  ,1.082867311902e-04  
  5.370317963702e+01  ,1.070471832297e-04  
  5.495408738576e+01  ,1.058218242573e-04  
  5.623413251903e+01  ,1.046104918531e-04  
  5.754399373371e+01  ,1.034130254562e-04  
  5.888436553556e+01  ,1.022292663439e-04  
  6.025595860743e+01  ,1.010590576100e-04  
  6.165950018615e+01  ,9.990224414472e-05  
  6.309573444802e+01  ,9.875867261367e-05  
  6.456542290346e+01  ,9.762819143769e-05  
  6.606934480076e+01  ,9.651065077270e-05  
  6.760829753920e+01  ,9.540590248991e-05  
  6.918309709189e+01  ,9.431380015614e-05  
  7.079457843841e+01  ,9.323419901439e-05  
  7.244359600750e+01  ,9.216695596472e-05  
  7.413102413009e+01  ,9.111192954520e-05  
  7.585775750292e+01  ,9.006897991323e-05  
  7.762471166287e+01  ,8.903796882696e-05  
  7.943282347243e+01  ,8.801875962700e-05  
  8.128305161641e+01  ,8.701121721827e-05  
  8.317637711026e+01  ,8.601520805211e-05  
  8.511380382024e+01  ,8.503060010858e-05  
  8.709635899561e+01  ,8.405726287898e-05  
  8.912509381337e+01  ,8.309506734850e-05  
  9.120108393559e+01  ,8.214388597918e-05  
  9.332543007970e+01  ,8.120359269294e-05  
  9.549925860214e+01  ,8.027406285494e-05  
  9.772372209558e+01  ,7.935517325700e-05  
  1.000000000000e+02  ,7.844680210130e-05  
  1.023292992281e+02  ,7.754882898423e-05  
  1.047128548051e+02  ,7.666113488042e-05  
  1.071519305238e+02  ,7.578360212699e-05  
  1.096478196143e+02  ,7.491611440791e-05  
  1.122018454302e+02  ,7.405855673863e-05  
  1.148153621497e+02  ,7.321081545081e-05  
  1.174897554939e+02  ,7.237277817727e-05  
  1.202264434617e+02  ,7.154433383706e-05  
  1.230268770812e+02  ,7.072537262078e-05  
  1.258925411794e+02  ,6.991578597603e-05  
  1.288249551693e+02  ,6.911546659295e-05  
  1.318256738556e+02  ,6.832430839010e-05  
  1.348962882592e+02  ,6.754220650029e-05  
  1.380384264603e+02  ,6.676905725679e-05  
  1.412537544623e+02  ,6.600475817948e-05  
  1.445439770746e+02  ,6.524920796136e-05  
  1.479108388168e+02  ,6.450230645506e-05  
  1.513561248436e+02  ,6.376395465960e-05  
  1.548816618912e+02  ,6.303405470725e-05  
  1.584893192461e+02  ,6.231250985056e-05  
  1.621810097359e+02  ,6.159922444953e-05  
  1.659586907438e+02  ,6.089410395897e-05  
  1.698243652462e+02  ,6.019705491592e-05  
  1.737800828749e+02  ,5.950798492728e-05  
  1.778279410039e+02  ,5.882680265757e-05  
  1.819700858610e+02  ,5.815341781681e-05  
  1.862087136663e+02  ,5.748774114859e-05  
  1.905460717963e+02  ,5.682968441817e-05  
  1.949844599758e+02  ,5.617916040085e-05  
  1.995262314969e+02  ,5.553608287037e-05  
  2.041737944669e+02  ,5.490036658751e-05  
  2.089296130854e+02  ,5.427192728876e-05  
  2.137962089502e+02  ,5.365068167518e-05  
  2.187761623949e+02  ,5.303654740132e-05  
  2.238721138568e+02  ,5.242944306437e-05  
  2.290867652768e+02  ,5.182928819329e-05  
  2.344228815320e+02  ,5.123600323820e-05  
  2.398832919019e+02  ,5.064950955984e-05  
  2.454708915685e+02  ,5.006972941909e-05  
  2.511886431510e+02  ,4.949658596673e-05  
  2.570395782769e+02  ,4.893000323321e-05  
  2.630267991895e+02  ,4.836990611862e-05  
  2.691534803927e+02  ,4.781622038267e-05  
  2.754228703338e+02  ,4.726887263493e-05  
  2.818382931264e+02  ,4.672779032505e-05  
  2.884031503127e+02  ,4.619290173315e-05  
  2.951209226666e+02  ,4.566413596032e-05  
  3.019951720402e+02  ,4.514142291925e-05  
  3.090295432513e+02  ,4.462469332488e-05  
  3.162277660168e+02  ,4.411387868525e-05  
  3.235936569296e+02  ,4.360891129246e-05  
  3.311311214826e+02  ,4.310972421361e-05  
  3.388441561392e+02  ,4.261625128200e-05  
  3.467368504525e+02  ,4.212842708833e-05  
  3.548133892336e+02  ,4.164618697202e-05  
  3.630780547701e+02  ,4.116946701268e-05  
  3.715352290972e+02  ,4.069820402158e-05  
  3.801893963205e+02  ,4.023233553334e-05  
  3.890451449943e+02  ,3.977179979758e-05  
  3.981071705535e+02  ,3.931653577080e-05  
  4.073802778041e+02  ,3.886648310823e-05  
  4.168693834703e+02  ,3.842158215590e-05  
  4.265795188016e+02  ,3.798177394265e-05  
  4.365158322402e+02  ,3.754700017239e-05  
  4.466835921509e+02  ,3.711720321632e-05  
  4.570881896149e+02  ,3.669232610532e-05  
  4.677351412872e+02  ,3.627231252240e-05  
  4.786300923226e+02  ,3.585710679520e-05  
  4.897788193684e+02  ,3.544665388866e-05  
  5.011872336273e+02  ,3.504089939769e-05  
  5.128613839913e+02  ,3.463978953997e-05  
  5.248074602498e+02  ,3.424327114883e-05  
  5.370317963702e+02  ,3.385129166618e-05  
  5.495408738576e+02  ,3.346379913556e-05  
  5.623413251903e+02  ,3.308074219526e-05  
  5.754399373371e+02  ,3.270207007150e-05  
  5.888436553556e+02  ,3.232773257170e-05  
  6.025595860743e+02  ,3.195768007783e-05  
  6.165950018615e+02  ,3.159186353982e-05  
  6.309573444802e+02  ,3.123023446910e-05  
  6.456542290346e+02  ,3.087274493213e-05  
  6.606934480076e+02  ,3.051934754405e-05  
  6.760829753920e+02  ,3.016999546242e-05  
  6.918309709189e+02  ,2.982464238100e-05  
  7.079457843841e+02  ,2.948324252361e-05  
  7.244359600750e+02  ,2.914575063808e-05  
  7.413102413009e+02  ,2.881212199022e-05  
  7.585775750292e+02  ,2.848231235792e-05  
  7.762471166287e+02  ,2.815627802526e-05  
  7.943282347243e+02  ,2.783397577674e-05  
  8.128305161641e+02  ,2.751536289156e-05  
  8.317637711026e+02  ,2.720039713792e-05  
  8.511380382023e+02  ,2.688903676746e-05  
  8.709635899561e+02  ,2.658124050968e-05  
  8.912509381337e+02  ,2.627696756653e-05  
  9.120108393559e+02  ,2.597617760697e-05  
  9.332543007970e+02  ,2.567883076160e-05  
  9.549925860214e+02  ,2.538488761743e-05  
  9.772372209558e+02  ,2.509430921261e-05  
  1.000000000000e+03  ,2.480705703129e-05  
  1.023292992281e+03  ,2.452309299851e-05  
  1.047128548051e+03  ,2.424237947513e-05  
  1.071519305238e+03  ,2.396487925288e-05  
  1.096478196143e+03  ,2.369055554942e-05  
  1.122018454302e+03  ,2.341937200343e-05  
  1.148153621497e+03  ,2.315129266982e-05  
  1.174897554939e+03  ,2.288628201498e-05  
  1.202264434617e+03  ,2.262430491202e-05  
  1.230268770812e+03  ,2.236532663616e-05  
  1.258925411794e+03  ,2.210931286012e-05  
  1.288249551693e+03  ,2.185622964954e-05  
  1.318256738556e+03  ,2.160604345852e-05  
  1.348962882592e+03  ,2.135872112516e-05  
  1.380384264603e+03  ,2.111422986714e-05  
  1.412537544623e+03  ,2.087253727741e-05  
  1.445439770746e+03  ,2.063361131988e-05  
  1.479108388168e+03  ,2.039742032518e-05  
  1.513561248436e+03  ,2.016393298645e-05  
  1.548816618912e+03  ,1.993311835518e-05  
  1.584893192461e+03  ,1.970494583716e-05  
  1.621810097359e+03  ,1.947938518835e-05  
  1.659586907438e+03  ,1.925640651095e-05  
  1.698243652462e+03  ,1.903598024936e-05  
  1.737800828749e+03  ,1.881807718634e-05  
  1.778279410039e+03  ,1.860266843905e-05  
  1.819700858610e+03  ,1.838972545531e-05  
  1.862087136663e+03  ,1.817922000975e-05  
  1.905460717963e+03  ,1.797112420011e-05  
  1.949844599758e+03  ,1.776541044351e-05  
  1.995262314969e+03  ,1.756205147281e-05  
  2.041737944669e+03  ,1.736102033300e-05  
  2.089296130854e+03  ,1.716229037763e-05  
  2.137962089502e+03  ,1.696583526525e-05  
  2.187761623949e+03  ,1.677162895595e-05  
  2.238721138568e+03  ,1.657964570789e-05  
  2.290867652768e+03  ,1.638986007391e-05  
  2.344228815320e+03  ,1.620224689811e-05  
  2.398832919019e+03  ,1.601678131258e-05  
  2.454708915685e+03  ,1.583343873406e-05  
  2.511886431509e+03  ,1.565219486068e-05  
  2.570395782769e+03  ,1.547302566877e-05  
  2.630267991895e+03  ,1.529590740964e-05  
  2.691534803927e+03  ,1.512081660645e-05  
  2.754228703338e+03  ,1.494773005112e-05  
  2.818382931264e+03  ,1.477662480120e-05  
  2.884031503127e+03  ,1.460747817688e-05  
  2.951209226666e+03  ,1.444026775796e-05  
  3.019951720402e+03  ,1.427497138088e-05  
  3.090295432513e+03  ,1.411156713577e-05  
  3.162277660168e+03  ,1.395003336359e-05  
  3.235936569296e+03  ,1.379034865320e-05  
  3.311311214826e+03  ,1.363249183858e-05  
  3.388441561392e+03  ,1.347644199596e-05  
  3.467368504525e+03  ,1.332217844112e-05  
  3.548133892336e+03  ,1.316968072658e-05  
  3.630780547701e+03  ,1.301892863893e-05  
  3.715352290972e+03  ,1.286990219616e-05  
  3.801893963205e+03  ,1.272258164496e-05  
  3.890451449943e+03  ,1.257694745815e-05  
  3.981071705535e+03  ,1.243298033209e-05  
  4.073802778041e+03  ,1.229066118408e-05  
  4.168693834703e+03  ,1.214997114987e-05  
  4.265795188016e+03  ,1.201089158115e-05  
  4.365158322402e+03  ,1.187340404308e-05  
  4.466835921509e+03  ,1.173749031183e-05  
  4.570881896149e+03  ,1.160313237217e-05  
  4.677351412872e+03  ,1.147031241512e-05  
  4.786300923226e+03  ,1.133901283553e-05  
  4.897788193684e+03  ,1.120921622978e-05  
  5.011872336273e+03  ,1.108090539347e-05  
  5.128613839913e+03  ,1.095406331913e-05  
  5.248074602498e+03  ,1.082867319400e-05  
  5.370317963702e+03  ,1.070471839774e-05  
  5.495408738576e+03  ,1.058218250027e-05  
  5.623413251903e+03  ,1.046104925961e-05  
  5.754399373371e+03  ,1.034130261966e-05  
  5.888436553556e+03  ,1.022292670815e-05  
  6.025595860743e+03  ,1.010590583446e-05  
  6.165950018615e+03  ,9.990224487615e-06  
  6.309573444802e+03  ,9.875867334175e-06  
  6.456542290346e+03  ,9.762819216222e-06  
  6.606934480076e+03  ,9.651065149351e-06  
  6.760829753920e+03  ,9.540590320682e-06  
  6.918309709189e+03  ,9.431380086896e-06  
  7.079457843841e+03  ,9.323419972296e-06  
  7.244359600750e+03  ,9.216695666885e-06  
  7.413102413009e+03  ,9.111193024474e-06  
  7.585775750292e+03  ,9.006898060801e-06  
  7.762471166287e+03  ,8.903796951683e-06  
  7.943282347243e+03  ,8.801876031181e-06  
  8.128305161641e+03  ,8.701121789786e-06  
  8.317637711026e+03  ,8.601520872636e-06  
  8.511380382023e+03  ,8.503060077736e-06  
  8.709635899561e+03  ,8.405726354215e-06  
  8.912509381337e+03  ,8.309506800596e-06  
  9.120108393559e+03  ,8.214388663080e-06  
  9.332543007970e+03  ,8.120359333864e-06  
  9.549925860214e+03  ,8.027406349462e-06  
  9.772372209558e+03  ,7.935517389057e-06  
  1.000000000000e+04  ,7.844680272868e-06  
  1.023292992281e+04  ,7.754882960536e-06  
  1.047128548051e+04  ,7.666113549523e-06  
  1.071519305238e+04  ,7.578360273543e-06  
  1.096478196143e+04  ,7.491611500993e-06  
  1.122018454302e+04  ,7.405855733419e-06  
  1.148153621497e+04  ,7.321081603989e-06  
  1.174897554939e+04  ,7.237277875982e-06  
  1.202264434617e+04  ,7.154433441308e-06  
  1.230268770812e+04  ,7.072537319026e-06  
  1.258925411794e+04  ,6.991578653895e-06  
  1.288249551693e+04  ,6.911546714932e-06  
  1.318256738556e+04  ,6.832430893992e-06  
  1.348962882592e+04  ,6.754220704357e-06  
  1.380384264603e+04  ,6.676905779354e-06  
  1.412537544623e+04  ,6.600475870973e-06  
  1.445439770746e+04  ,6.524920848514e-06  
  1.479108388168e+04  ,6.450230697239e-06  
  1.513561248436e+04  ,6.376395517051e-06  
  1.548816618912e+04  ,6.303405521178e-06  
  1.584893192461e+04  ,6.231251034874e-06  
  1.621810097359e+04  ,6.159922494142e-06  
  1.659586907438e+04  ,6.089410444460e-06  
  1.698243652462e+04  ,6.019705539533e-06  
  1.737800828749e+04  ,5.950798540053e-06  
  1.778279410039e+04  ,5.882680312470e-06  
  1.819700858610e+04  ,5.815341827789e-06  
  1.862087136663e+04  ,5.748774160366e-06  
  1.905460717963e+04  ,5.682968486728e-06  
  1.949844599758e+04  ,5.617916084406e-06  
  1.995262314969e+04  ,5.553608330775e-06  
  2.041737944669e+04  ,5.490036701911e-06  
  2.089296130854e+04  ,5.427192771463e-06  
  2.137962089502e+04  ,5.365068209538e-06  
  2.187761623949e+04  ,5.303654781592e-06  
  2.238721138568e+04  ,5.242944347342e-06  
  2.290867652768e+04  ,5.182928859684e-06  
  2.344228815320e+04  ,5.123600363633e-06  
  2.398832919019e+04  ,5.064950995259e-06  
  2.454708915685e+04  ,5.006972980653e-06  
  2.511886431509e+04  ,4.949658634892e-06  
  2.570395782769e+04  ,4.893000361021e-06  
  2.630267991895e+04  ,4.836990649047e-06  
  2.691534803927e+04  ,4.781622074945e-06  
  2.754228703338e+04  ,4.726887299669e-06  
  2.818382931264e+04  ,4.672779068184e-06  
  2.884031503127e+04  ,4.619290208503e-06  
  2.951209226666e+04  ,4.566413630736e-06  
  3.019951720402e+04  ,4.514142326149e-06  
  3.090295432513e+04  ,4.462469366237e-06  
  3.162277660168e+04  ,4.411387901806e-06  
  3.235936569296e+04  ,4.360891162064e-06  
  3.311311214826e+04  ,4.310972453721e-06  
  3.388441561392e+04  ,4.261625160107e-06  
  3.467368504525e+04  ,4.212842740292e-06  
  3.548133892336e+04  ,4.164618728219e-06  
  3.630780547701e+04  ,4.116946731848e-06  
  3.715352290972e+04  ,4.069820432306e-06  
  3.801893963205e+04  ,4.023233583055e-06  
  3.890451449943e+04  ,3.977180009057e-06  
  3.981071705535e+04  ,3.931653605961e-06  
  4.073802778041e+04  ,3.886648339292e-06  
  4.168693834703e+04  ,3.842158243651e-06  
  4.265795188016e+04  ,3.798177421923e-06  
  4.365158322401e+04  ,3.754700044498e-06  
  4.466835921509e+04  ,3.711720348497e-06  
  4.570881896149e+04  ,3.669232637008e-06  
  4.677351412872e+04  ,3.627231278330e-06  
  4.786300923226e+04  ,3.585710705230e-06  
  4.897788193684e+04  ,3.544665414200e-06  
  5.011872336273e+04  ,3.504089964730e-06  
  5.128613839913e+04  ,3.463978978591e-06  
  5.248074602498e+04  ,3.424327139112e-06  
  5.370317963702e+04  ,3.385129190487e-06  
  5.495408738576e+04  ,3.346379937070e-06  
  5.623413251903e+04  ,3.308074242688e-06  
  5.754399373371e+04  ,3.270207029964e-06  
  5.888436553556e+04  ,3.232773279640e-06  
  6.025595860743e+04  ,3.195768029912e-06  
  6.165950018615e+04  ,3.159186375775e-06  
  6.309573444802e+04  ,3.123023468371e-06  
  6.456542290346e+04  ,3.087274514344e-06  
  6.606934480076e+04  ,3.051934775210e-06  
  6.760829753920e+04  ,3.016999566725e-06  
  6.918309709189e+04  ,2.982464258265e-06  
  7.079457843841e+04  ,2.948324272212e-06  
  7.244359600750e+04  ,2.914575083347e-06  
  7.413102413009e+04  ,2.881212218253e-06  
  7.585775750292e+04  ,2.848231254717e-06  
  7.762471166287e+04  ,2.815627821149e-06  
  7.943282347243e+04  ,2.783397595999e-06  
  8.128305161641e+04  ,2.751536307185e-06  
  8.317637711026e+04  ,2.720039731529e-06  
  8.511380382023e+04  ,2.688903694193e-06  
  8.709635899560e+04  ,2.658124068129e-06  
  8.912509381337e+04  ,2.627696773531e-06  
  9.120108393559e+04  ,2.597617777294e-06  
  9.332543007970e+04  ,2.567883092480e-06  
  9.549925860214e+04  ,2.538488777788e-06  
  9.772372209558e+04  ,2.509430937034e-06  
  1.000000000000e+05  ,2.480705718633e-06  
  1.023292992281e+05  ,2.452309315088e-06  
  1.047128548051e+05  ,2.424237962486e-06  
  1.071519305238e+05  ,2.396487940000e-06  
  1.096478196143e+05  ,2.369055569395e-06  
  1.122018454302e+05  ,2.341937214540e-06  
  1.148153621497e+05  ,2.315129280926e-06  
  1.174897554939e+05  ,2.288628215190e-06  
  1.202264434617e+05  ,2.262430504645e-06  
  1.230268770812e+05  ,2.236532676813e-06  
  1.258925411794e+05  ,2.210931298965e-06  
  1.288249551693e+05  ,2.185622977666e-06  
  1.318256738556e+05  ,2.160604358325e-06  
  1.348962882592e+05  ,2.135872124751e-06  
  1.380384264603e+05  ,2.111422998714e-06  
  1.412537544623e+05  ,2.087253739509e-06  
  1.445439770746e+05  ,2.063361143526e-06  
  1.479108388168e+05  ,2.039742043827e-06  
  1.513561248436e+05  ,2.016393309727e-06  
  1.548816618912e+05  ,1.993311846377e-06  
  1.584893192461e+05  ,1.970494594352e-06  
  1.621810097359e+05  ,1.947938529251e-06  
  1.659586907437e+05  ,1.925640661293e-06  
  1.698243652462e+05  ,1.903598034918e-06  
  1.737800828749e+05  ,1.881807728401e-06  
  1.778279410039e+05  ,1.860266853460e-06  
  1.819700858610e+05  ,1.838972554876e-06  
  1.862087136663e+05  ,1.817922010112e-06  
  1.905460717963e+05  ,1.797112428941e-06  
  1.949844599758e+05  ,1.776541053076e-06  
  1.995262314969e+05  ,1.756205155803e-06  
  2.041737944669e+05  ,1.736102041622e-06  
  2.089296130854e+05  ,1.716229045886e-06  
  2.137962089502e+05  ,1.696583534450e-06  
  2.187761623949e+05  ,1.677162903325e-06  
  2.238721138568e+05  ,1.657964578326e-06  
  2.290867652768e+05  ,1.638986014735e-06  
  2.344228815320e+05  ,1.620224696966e-06  
  2.398832919019e+05  ,1.601678138225e-06  
  2.454708915685e+05  ,1.583343880187e-06  
  2.511886431509e+05  ,1.565219492665e-06  
  2.570395782769e+05  ,1.547302573291e-06  
  2.630267991895e+05  ,1.529590747198e-06  
  2.691534803927e+05  ,1.512081666701e-06  
  2.754228703338e+05  ,1.494773010991e-06  
  2.818382931264e+05  ,1.477662485825e-06  
  2.884031503126e+05  ,1.460747823221e-06  
  2.951209226666e+05  ,1.444026781158e-06  
  3.019951720402e+05  ,1.427497143282e-06  
  3.090295432513e+05  ,1.411156718605e-06  
  3.162277660168e+05  ,1.395003341223e-06  
  3.235936569296e+05  ,1.379034870023e-06  
  3.311311214826e+05  ,1.363249188401e-06  
  3.388441561392e+05  ,1.347644203982e-06  
  3.467368504525e+05  ,1.332217848343e-06  
  3.548133892336e+05  ,1.316968076737e-06  
  3.630780547701e+05  ,1.301892867822e-06  
  3.715352290972e+05  ,1.286990223398e-06  
  3.801893963205e+05  ,1.272258168133e-06  
  3.890451449943e+05  ,1.257694749310e-06  
  3.981071705535e+05  ,1.243298036565e-06  
  4.073802778041e+05  ,1.229066121627e-06  
  4.168693834703e+05  ,1.214997118072e-06  
  4.265795188016e+05  ,1.201089161070e-06  
  4.365158322401e+05  ,1.187340407134e-06  
  4.466835921509e+05  ,1.173749033884e-06  
  4.570881896149e+05  ,1.160313239796e-06  
  4.677351412872e+05  ,1.147031243972e-06  
  4.786300923226e+05  ,1.133901285897e-06  
  4.897788193684e+05  ,1.120921625209e-06  
  5.011872336273e+05  ,1.108090541468e-06  
  5.128613839913e+05  ,1.095406333928e-06  
  5.248074602498e+05  ,1.082867321312e-06  
  5.370317963702e+05  ,1.070471841585e-06  
  5.495408738576e+05  ,1.058218251742e-06  
  5.623413251903e+05  ,1.046104927582e-06  
  5.754399373371e+05  ,1.034130263497e-06  
  5.888436553556e+05  ,1.022292672259e-06  
  6.025595860743e+05  ,1.010590584807e-06  
  6.165950018615e+05  ,9.990224500417e-07  
  6.309573444802e+05  ,9.875867346205e-07  
  6.456542290346e+05  ,9.762819227512e-07  
  6.606934480076e+05  ,9.651065159933e-07  
  6.760829753920e+05  ,9.540590330588e-07  
  6.918309709189e+05  ,9.431380096157e-07  
  7.079457843841e+05  ,9.323419980941e-07  
  7.244359600750e+05  ,9.216695674946e-07  
  7.413102413009e+05  ,9.111193031979e-07  
  7.585775750292e+05  ,9.006898067780e-07  
  7.762471166287e+05  ,8.903796958163e-07  
  7.943282347242e+05  ,8.801876037189e-07  
  8.128305161641e+05  ,8.701121795350e-07  
  8.317637711026e+05  ,8.601520877780e-07  
  8.511380382023e+05  ,8.503060082486e-07  
  8.709635899560e+05  ,8.405726358595e-07  
  8.912509381337e+05  ,8.309506804629e-07  
  9.120108393559e+05  ,8.214388666789e-07  
  9.332543007970e+05  ,8.120359337269e-07  
  9.549925860214e+05  ,8.027406352584e-07  
  9.772372209558e+05  ,7.935517391915e-07  
  1.000000000000e+06  ,7.844680275482e-07  
  1.023292992281e+06  ,7.754882962922e-07  
  1.047128548051e+06  ,7.666113551699e-07  
  1.071519305238e+06  ,7.578360275523e-07  
  1.096478196143e+06  ,7.491611502794e-07  
  1.122018454302e+06  ,7.405855735054e-07  
  1.148153621497e+06  ,7.321081605471e-07  
  1.174897554939e+06  ,7.237277877324e-07  
  1.202264434617e+06  ,7.154433442521e-07  
  1.230268770812e+06  ,7.072537320121e-07  
  1.258925411794e+06  ,6.991578654882e-07  
  1.288249551693e+06  ,6.911546715821e-07  
  1.318256738556e+06  ,6.832430894791e-07  
  1.348962882592e+06  ,6.754220705075e-07  
  1.380384264603e+06  ,6.676905779998e-07  
  1.412537544623e+06  ,6.600475871550e-07  
  1.445439770746e+06  ,6.524920849029e-07  
  1.479108388168e+06  ,6.450230697700e-07  
  1.513561248436e+06  ,6.376395517462e-07  
  1.548816618912e+06  ,6.303405521544e-07  
  1.584893192461e+06  ,6.231251035200e-07  
  1.621810097359e+06  ,6.159922494431e-07  
  1.659586907437e+06  ,6.089410444717e-07  
  1.698243652462e+06  ,6.019705539761e-07  
  1.737800828749e+06  ,5.950798540254e-07  
  1.778279410039e+06  ,5.882680312648e-07  
  1.819700858610e+06  ,5.815341827946e-07  
  1.862087136663e+06  ,5.748774160504e-07  
  1.905460717963e+06  ,5.682968486850e-07  
  1.949844599758e+06  ,5.617916084513e-07  
  1.995262314969e+06  ,5.553608330869e-07  
  2.041737944669e+06  ,5.490036701993e-07  
  2.089296130854e+06  ,5.427192771535e-07  
  2.137962089502e+06  ,5.365068209601e-07  
  2.187761623949e+06  ,5.303654781646e-07  
  2.238721138568e+06  ,5.242944347389e-07  
  2.290867652768e+06  ,5.182928859725e-07  
  2.344228815320e+06  ,5.123600363668e-07  
  2.398832919019e+06  ,5.064950995289e-07  
  2.454708915685e+06  ,5.006972980679e-07  
  2.511886431509e+06  ,4.949658634914e-07  
  2.570395782769e+06  ,4.893000361040e-07  
  2.630267991895e+06  ,4.836990649063e-07  
  2.691534803927e+06  ,4.781622074958e-07  
  2.754228703338e+06  ,4.726887299680e-07  
  2.818382931264e+06  ,4.672779068193e-07  
  2.884031503126e+06  ,4.619290208510e-07  
  2.951209226666e+06  ,4.566413630741e-07  
  3.019951720402e+06  ,4.514142326153e-07  
  3.090295432513e+06  ,4.462469366241e-07  
  3.162277660168e+06  ,4.411387901809e-07  
  3.235936569296e+06  ,4.360891162065e-07  
  3.311311214826e+06  ,4.310972453722e-07  
  3.388441561392e+06  ,4.261625160107e-07  
  3.467368504525e+06  ,4.212842740292e-07  
  3.548133892336e+06  ,4.164618728219e-07  
  3.630780547701e+06  ,4.116946731847e-07  
  3.715352290972e+06  ,4.069820432305e-07  
  3.801893963205e+06  ,4.023233583053e-07  
  3.890451449943e+06  ,3.977180009055e-07  
  3.981071705535e+06  ,3.931653605959e-07  
  4.073802778041e+06  ,3.886648339290e-07  
  4.168693834703e+06  ,3.842158243648e-07  
  4.265795188016e+06  ,3.798177421920e-07  
  4.365158322401e+06  ,3.754700044495e-07  
  4.466835921509e+06  ,3.711720348494e-07  
  4.570881896149e+06  ,3.669232637005e-07  
  4.677351412872e+06  ,3.627231278328e-07  
  4.786300923226e+06  ,3.585710705227e-07  
  4.897788193684e+06  ,3.544665414197e-07  
  5.011872336272e+06  ,3.504089964728e-07  
  5.128613839913e+06  ,3.463978978588e-07  
  5.248074602497e+06  ,3.424327139110e-07  
  5.370317963702e+06  ,3.385129190485e-07  
  5.495408738576e+06  ,3.346379937067e-07  
  5.623413251903e+06  ,3.308074242686e-07  
  5.754399373371e+06  ,3.270207029962e-07  
  5.888436553556e+06  ,3.232773279638e-07  
  6.025595860743e+06  ,3.195768029910e-07  
  6.165950018615e+06  ,3.159186375773e-07  
  6.309573444802e+06  ,3.123023468369e-07  
  6.456542290346e+06  ,3.087274514342e-07  
  6.606934480076e+06  ,3.051934775208e-07  
  6.760829753920e+06  ,3.016999566723e-07  
  6.918309709189e+06  ,2.982464258263e-07  
  7.079457843841e+06  ,2.948324272210e-07  
  7.244359600750e+06  ,2.914575083345e-07  
  7.413102413009e+06  ,2.881212218251e-07  
  7.585775750291e+06  ,2.848231254715e-07  
  7.762471166287e+06  ,2.815627821147e-07  
  7.943282347242e+06  ,2.783397595997e-07  
  8.128305161641e+06  ,2.751536307184e-07  
  8.317637711026e+06  ,2.720039731528e-07  
  8.511380382023e+06  ,2.688903694191e-07  
  8.709635899560e+06  ,2.658124068127e-07  
  8.912509381337e+06  ,2.627696773529e-07  
  9.120108393559e+06  ,2.597617777293e-07  
  9.332543007969e+06  ,2.567883092478e-07  
  9.549925860214e+06  ,2.538488777787e-07  
  9.772372209558e+06  ,2.509430937033e-07  
  1.000000000000e+07  ,2.480705718632e-07  
  1.023292992281e+07  ,2.452309315087e-07  
  1.047128548051e+07  ,2.424237962485e-07  
  1.071519305238e+07  ,2.396487939999e-07  
  1.096478196143e+07  ,2.369055569394e-07  
  1.122018454302e+07  ,2.341937214539e-07  
  1.148153621497e+07  ,2.315129280925e-07  
  1.174897554939e+07  ,2.288628215189e-07  
  1.202264434617e+07  ,2.262430504644e-07  
  1.230268770812e+07  ,2.236532676813e-07  
  1.258925411794e+07  ,2.210931298964e-07  
  1.288249551693e+07  ,2.185622977665e-07  
  1.318256738556e+07  ,2.160604358324e-07  
  1.348962882592e+07  ,2.135872124751e-07  
  1.380384264603e+07  ,2.111422998714e-07  
  1.412537544623e+07  ,2.087253739508e-07  
  1.445439770746e+07  ,2.063361143525e-07  
  1.479108388168e+07  ,2.039742043827e-07  
  1.513561248436e+07  ,2.016393309727e-07  
  1.548816618912e+07  ,1.993311846376e-07  
  1.584893192461e+07  ,1.970494594351e-07  
  1.621810097359e+07  ,1.947938529251e-07  
  1.659586907437e+07  ,1.925640661292e-07  
  1.698243652462e+07  ,1.903598034918e-07  
  1.737800828749e+07  ,1.881807728401e-07  
  1.778279410039e+07  ,1.860266853460e-07  
  1.819700858610e+07  ,1.838972554876e-07  
  1.862087136663e+07  ,1.817922010111e-07  
  1.905460717963e+07  ,1.797112428941e-07  
  1.949844599758e+07  ,1.776541053076e-07  
  1.995262314969e+07  ,1.756205155803e-07  
  2.041737944669e+07  ,1.736102041622e-07  
  2.089296130854e+07  ,1.716229045885e-07  
  2.137962089502e+07  ,1.696583534450e-07  
  2.187761623949e+07  ,1.677162903325e-07  
  2.238721138568e+07  ,1.657964578325e-07  
  2.290867652768e+07  ,1.638986014735e-07  
  2.344228815320e+07  ,1.620224696966e-07  
  2.398832919019e+07  ,1.601678138225e-07  
  2.454708915685e+07  ,1.583343880187e-07  
  2.511886431509e+07  ,1.565219492665e-07  
  2.570395782769e+07  ,1.547302573291e-07  
  2.630267991895e+07  ,1.529590747198e-07  
  2.691534803927e+07  ,1.512081666701e-07  
  2.754228703338e+07  ,1.494773010991e-07  
  2.818382931264e+07  ,1.477662485825e-07  
  2.884031503126e+07  ,1.460747823221e-07  
  2.951209226666e+07  ,1.444026781158e-07  
  3.019951720402e+07  ,1.427497143281e-07  
  3.090295432513e+07  ,1.411156718605e-07  
  3.162277660168e+07  ,1.395003341223e-07  
  3.235936569296e+07  ,1.379034870022e-07  
  3.311311214826e+07  ,1.363249188401e-07  
  3.388441561392e+07  ,1.347644203982e-07  
  3.467368504525e+07  ,1.332217848343e-07  
  3.548133892336e+07  ,1.316968076736e-07  
  3.630780547701e+07  ,1.301892867822e-07  
  3.715352290972e+07  ,1.286990223397e-07  
  3.801893963205e+07  ,1.272258168133e-07  
  3.890451449943e+07  ,1.257694749310e-07  
  3.981071705535e+07  ,1.243298036564e-07  
  4.073802778041e+07  ,1.229066121627e-07  
  4.168693834703e+07  ,1.214997118072e-07  
  4.265795188016e+07  ,1.201089161069e-07  
  4.365158322401e+07  ,1.187340407134e-07  
  4.466835921509e+07  ,1.173749033884e-07  
  4.570881896149e+07  ,1.160313239796e-07  
  4.677351412872e+07  ,1.147031243972e-07  
  4.786300923226e+07  ,1.133901285897e-07  
  4.897788193684e+07  ,1.120921625209e-07  
  5.011872336272e+07  ,1.108090541468e-07  
  5.128613839913e+07  ,1.095406333928e-07  
  5.248074602497e+07  ,1.082867321312e-07  
  5.370317963702e+07  ,1.070471841585e-07  
  5.495408738576e+07  ,1.058218251742e-07  
  5.623413251903e+07  ,1.046104927582e-07  
  5.754399373371e+07  ,1.034130263497e-07  
  5.888436553556e+07  ,1.022292672259e-07  
  6.025595860743e+07  ,1.010590584806e-07  
  6.165950018615e+07  ,9.990224500416e-08  
  6.309573444802e+07  ,9.875867346204e-08  
  6.456542290346e+07  ,9.762819227511e-08  
  6.606934480076e+07  ,9.651065159933e-08  
  6.760829753919e+07  ,9.540590330587e-08  
  6.918309709189e+07  ,9.431380096156e-08  
  7.079457843841e+07  ,9.323419980941e-08  
  7.244359600750e+07  ,9.216695674945e-08  
  7.413102413009e+07  ,9.111193031979e-08  
  7.585775750291e+07  ,9.006898067779e-08  
  7.762471166287e+07  ,8.903796958163e-08  
  7.943282347242e+07  ,8.801876037189e-08  
  8.128305161641e+07  ,8.701121795350e-08  
  8.317637711026e+07  ,8.601520877780e-08  
  8.511380382023e+07  ,8.503060082486e-08  
  8.709635899560e+07  ,8.405726358595e-08  
  8.912509381337e+07  ,8.309506804628e-08  
  9.120108393559e+07  ,8.214388666788e-08  
  9.332543007969e+07  ,8.120359337269e-08  
  9.549925860214e+07  ,8.027406352583e-08  
  9.772372209558e+07  ,7.935517391915e-08  
  1.000000000000e+08  ,7.844680275481e-08  
  1.023292992281e+08  ,7.754882962921e-08  
  1.047128548051e+08  ,7.666113551698e-08  
  1.071519305238e+08  ,7.578360275523e-08  
  1.096478196143e+08  ,7.491611502793e-08  
  1.122018454302e+08  ,7.405855735054e-08  
  1.148153621497e+08  ,7.321081605470e-08  
  1.174897554939e+08  ,7.237277877324e-08  
  1.202264434617e+08  ,7.154433442521e-08  
  1.230268770812e+08  ,7.072537320121e-08  
  1.258925411794e+08  ,6.991578654882e-08  
  1.288249551693e+08  ,6.911546715821e-08  
  1.318256738556e+08  ,6.832430894791e-08  
  1.348962882592e+08  ,6.754220705075e-08  
  1.380384264603e+08  ,6.676905779998e-08  
  1.412537544623e+08  ,6.600475871550e-08  
  1.445439770746e+08  ,6.524920849029e-08  
  1.479108388168e+08  ,6.450230697699e-08  
  1.513561248436e+08  ,6.376395517462e-08  
  1.548816618912e+08  ,6.303405521544e-08  
  1.584893192461e+08  ,6.231251035200e-08  
  1.621810097359e+08  ,6.159922494431e-08  
  1.659586907437e+08  ,6.089410444716e-08  
  1.698243652462e+08  ,6.019705539761e-08  
  1.737800828749e+08  ,5.950798540254e-08  
  1.778279410039e+08  ,5.882680312648e-08  
  1.819700858610e+08  ,5.815341827946e-08  
  1.862087136663e+08  ,5.748774160504e-08  
  1.905460717963e+08  ,5.682968486850e-08  
  1.949844599758e+08  ,5.617916084513e-08  
  1.995262314969e+08  ,5.553608330868e-08  
  2.041737944669e+08  ,5.490036701993e-08  
  2.089296130854e+08  ,5.427192771535e-08  
  2.137962089502e+08  ,5.365068209601e-08  
  2.187761623949e+08  ,5.303654781646e-08  
  2.238721138568e+08  ,5.242944347388e-08  
  2.290867652768e+08  ,5.182928859725e-08  
  2.344228815320e+08  ,5.123600363668e-08  
  2.398832919019e+08  ,5.064950995289e-08  
  2.454708915685e+08  ,5.006972980679e-08  
  2.511886431509e+08  ,4.949658634914e-08  
  2.570395782769e+08  ,4.893000361040e-08  
  2.630267991895e+08  ,4.836990649063e-08  
  2.691534803927e+08  ,4.781622074958e-08  
  2.754228703338e+08  ,4.726887299680e-08  
  2.818382931264e+08  ,4.672779068193e-08  
  2.884031503126e+08  ,4.619290208510e-08  
  2.951209226666e+08  ,4.566413630741e-08  
  3.019951720402e+08  ,4.514142326153e-08  
  3.090295432513e+08  ,4.462469366240e-08  
  3.162277660168e+08  ,4.411387901809e-08  
  3.235936569296e+08  ,4.360891162065e-08  
  3.311311214826e+08  ,4.310972453722e-08  
  3.388441561392e+08  ,4.261625160107e-08  
  3.467368504525e+08  ,4.212842740292e-08  
  3.548133892336e+08  ,4.164618728219e-08  
  3.630780547701e+08  ,4.116946731847e-08  
  3.715352290972e+08  ,4.069820432305e-08  
  3.801893963205e+08  ,4.023233583053e-08  
  3.890451449943e+08  ,3.977180009055e-08  
  3.981071705535e+08  ,3.931653605959e-08  
  4.073802778041e+08  ,3.886648339290e-08  
  4.168693834703e+08  ,3.842158243648e-08  
  4.265795188016e+08  ,3.798177421920e-08  
  4.365158322401e+08  ,3.754700044495e-08  
  4.466835921509e+08  ,3.711720348494e-08  
  4.570881896149e+08  ,3.669232637005e-08  
  4.677351412872e+08  ,3.627231278328e-08  
  4.786300923226e+08  ,3.585710705227e-08  
  4.897788193684e+08  ,3.544665414197e-08  
  5.011872336272e+08  ,3.504089964728e-08  
  5.128613839913e+08  ,3.463978978588e-08  
  5.248074602497e+08  ,3.424327139110e-08  
  5.370317963702e+08  ,3.385129190485e-08  
  5.495408738576e+08  ,3.346379937067e-08  
  5.623413251903e+08  ,3.308074242686e-08  
  5.754399373371e+08  ,3.270207029962e-08  
  5.888436553556e+08  ,3.232773279638e-08  
  6.025595860743e+08  ,3.195768029910e-08  
  6.165950018615e+08  ,3.159186375773e-08  
  6.309573444802e+08  ,3.123023468369e-08  
  6.456542290346e+08  ,3.087274514342e-08  
  6.606934480076e+08  ,3.051934775208e-08  
  6.760829753919e+08  ,3.016999566723e-08  
  6.918309709189e+08  ,2.982464258263e-08  
  7.079457843841e+08  ,2.948324272210e-08  
  7.244359600750e+08  ,2.914575083345e-08  
  7.413102413009e+08  ,2.881212218251e-08  
  7.585775750291e+08  ,2.848231254715e-08  
  7.762471166287e+08  ,2.815627821147e-08  
  7.943282347242e+08  ,2.783397595997e-08  
  8.128305161641e+08  ,2.751536307184e-08  
  8.317637711026e+08  ,2.720039731528e-08  
  8.511380382023e+08  ,2.688903694191e-08  
  8.709635899560e+08  ,2.658124068127e-08  
  8.912509381337e+08  ,2.627696773529e-08  
  9.120108393559e+08  ,2.597617777293e-08  
  9.332543007969e+08  ,2.567883092478e-08  
  9.549925860214e+08  ,2.538488777787e-08  
  9.772372209558e+08  ,2.509430937033e-08  
  9.999999999999e+08  ,2.480705718632e-08  
  1.023292992281e+09  ,2.452309315087e-08  
  1.047128548051e+09  ,2.424237962485e-08  
  1.071519305238e+09  ,2.396487939999e-08  
  1.096478196143e+09  ,2.369055569394e-08  
  1.122018454302e+09  ,2.341937214539e-08  
  1.148153621497e+09  ,2.315129280925e-08  
  1.174897554939e+09  ,2.288628215189e-08  
  1.202264434617e+09  ,2.262430504644e-08  
  1.230268770812e+09  ,2.236532676813e-08  
  1.258925411794e+09  ,2.210931298964e-08  
  1.288249551693e+09  ,2.185622977665e-08  
  1.318256738556e+09  ,2.160604358324e-08  
  1.348962882592e+09  ,2.135872124751e-08  
  1.380384264603e+09  ,2.111422998714e-08  
  1.412537544623e+09  ,2.087253739508e-08  
  1.445439770746e+09  ,2.063361143525e-08  
  1.479108388168e+09  ,2.039742043827e-08  
  1.513561248436e+09  ,2.016393309727e-08  
  1.548816618912e+09  ,1.993311846376e-08  
  1.584893192461e+09  ,1.970494594351e-08  
  1.621810097359e+09  ,1.947938529251e-08  
  1.659586907437e+09  ,1.925640661292e-08  
  1.698243652462e+09  ,1.903598034918e-08  
  1.737800828749e+09  ,1.881807728401e-08  
  1.778279410039e+09  ,1.860266853460e-08  
  1.819700858610e+09  ,1.838972554876e-08  
  1.862087136663e+09  ,1.817922010111e-08  
  1.905460717963e+09  ,1.797112428941e-08  
  1.949844599758e+09  ,1.776541053076e-08  
  1.995262314969e+09  ,1.756205155803e-08  
  2.041737944669e+09  ,1.736102041622e-08  
  2.089296130854e+09  ,1.716229045885e-08  
  2.137962089502e+09  ,1.696583534450e-08  
  2.187761623949e+09  ,1.677162903325e-08  
  2.238721138568e+09  ,1.657964578325e-08  
  2.290867652768e+09  ,1.638986014735e-08  
  2.344228815320e+09  ,1.620224696966e-08  
  2.398832919019e+09  ,1.601678138225e-08  
  2.454708915685e+09  ,1.583343880187e-08  
  2.511886431509e+09  ,1.565219492665e-08  
  2.570395782769e+09  ,1.547302573291e-08  
  2.630267991895e+09  ,1.529590747198e-08  
  2.691534803927e+09  ,1.512081666701e-08  
  2.754228703338e+09  ,1.494773010991e-08  
  2.818382931264e+09  ,1.477662485825e-08  
  2.884031503126e+09  ,1.460747823221e-08  
  2.951209226666e+09  ,1.444026781158e-08  
  3.019951720402e+09  ,1.427497143281e-08  
  3.090295432513e+09  ,1.411156718605e-08  
  3.162277660168e+09  ,1.395003341223e-08  
  3.235936569296e+09  ,1.379034870022e-08  
  3.311311214826e+09  ,1.363249188401e-08  
  3.388441561392e+09  ,1.347644203982e-08  
  3.467368504525e+09  ,1.332217848343e-08  
  3.548133892336e+09  ,1.316968076736e-08  
  3.630780547701e+09  ,1.301892867822e-08  
  3.715352290972e+09  ,1.286990223397e-08  
  3.801893963205e+09  ,1.272258168133e-08  
  3.890451449943e+09  ,1.257694749310e-08  
  3.981071705535e+09  ,1.243298036564e-08  
  4.073802778041e+09  ,1.229066121627e-08  
  4.168693834703e+09  ,1.214997118072e-08  
  4.265795188016e+09  ,1.201089161069e-08  
  4.365158322401e+09  ,1.187340407134e-08  
  4.466835921509e+09  ,1.173749033884e-08  
  4.570881896149e+09  ,1.160313239796e-08  
  4.677351412872e+09  ,1.147031243972e-08  
  4.786300923226e+09  ,1.133901285897e-08  
  4.897788193684e+09  ,1.120921625209e-08  
  5.011872336272e+09  ,1.108090541468e-08  
  5.128613839913e+09  ,1.095406333928e-08  
  5.248074602497e+09  ,1.082867321312e-08  
  5.370317963702e+09  ,1.070471841585e-08  
  5.495408738576e+09  ,1.058218251742e-08  
  5.623413251903e+09  ,1.046104927582e-08  
  5.754399373371e+09  ,1.034130263497e-08  
  5.888436553556e+09  ,1.022292672259e-08  
  6.025595860743e+09  ,1.010590584806e-08  
  6.165950018614e+09  ,9.990224500416e-09  
  6.309573444802e+09  ,9.875867346204e-09  
  6.456542290346e+09  ,9.762819227511e-09  
  6.606934480076e+09  ,9.651065159933e-09  
  6.760829753919e+09  ,9.540590330587e-09  
  6.918309709189e+09  ,9.431380096156e-09  
  7.079457843841e+09  ,9.323419980941e-09  
  7.244359600750e+09  ,9.216695674945e-09  
  7.413102413009e+09  ,9.111193031979e-09  
  7.585775750291e+09  ,9.006898067779e-09  
  7.762471166286e+09  ,8.903796958163e-09  
  7.943282347242e+09  ,8.801876037189e-09  
  8.128305161641e+09  ,8.701121795350e-09  
  8.317637711026e+09  ,8.601520877780e-09  
  8.511380382023e+09  ,8.503060082486e-09  
  8.709635899560e+09  ,8.405726358595e-09  
  8.912509381337e+09  ,8.309506804628e-09  
  9.120108393559e+09  ,8.214388666788e-09  
  9.332543007969e+09  ,8.120359337269e-09  
  9.549925860214e+09  ,8.027406352583e-09  
  9.772372209558e+09  ,7.935517391915e-09  
  9.999999999999e+09  ,7.844680275481e-09  
